"","GNPSLinkout_Network","LibraryID","MQScore","RTConsensus","RTMean","RTStdErr","SpectrumID","SumPeakIntensity","UniqueFileSourcesCount","componentindex","number_of_spectra","parent_mass","precursor_charge","precursor_mass","sum(precursor_intensity)","V1","V2","V3","sum.precursor_intensity.","Chemical_family","Name","Notes","CF_class","CF_Dparent","CF_NrNodes","CF_subclass","CF_superclass","Compound_Name","id","stat.x","index.x","p.value_gut","groups.x","stat.y","index.y","p.value_diet","groups.y","stat.x","index.x","p.value_kt","groups.x","stat.y","index.y","p.value_host","groups.y","V1","V2","V3"
"1009_447.309_6.38","Connected","N/A","N/A",6.3804,6.3804,0,"N/A",0.017004729,43,82,43,447.309,1,447.309,0.017004729,1009,447.309,6.38,0.017004729,"Triterpenoids","Pellets-10","","no_matches","no_matches",87,"no_matches","no_matches",NA,"1009_447.309_6.38",0.964001609696443,1,0.00294,"s.Foregut",0.809551560521065,2,0.01192,"s.Herbivores",0.983142713963153,13,0.00319,"s.Cetartiodactyla,s.Perissodactyla",0.926993817013573,220,0.00319,"s.Goat,s.Sheep","1009","447.309","6.38"
"1028_449.324_6.57",NA,NA,NA,NA,NA,NA,NA,NA,NA,NA,NA,NA,NA,NA,NA,NA,NA,NA,NA,NA,NA,NA,NA,NA,NA,NA,NA,NA,"1028_449.324_6.57",0.971203870275871,1,0.00294,"s.Foregut",0.621400526119335,7,NA,"s.Carnivores,s.Herbivores,s.Omnivores",0.955823143027808,3,0.00319,"s.Cetartiodactyla",0.894180692337396,220,0.01595,"s.Goat,s.Sheep","1028","449.324","6.57"
"10281_498.304_4.368","Connected","N/A","N/A",4.3683,4.3683,0,"N/A",0.023210257,23,568,23,498.3042,1,498.3042,0.023210257,10281,498.304,4.368,0.023210257,"Peptides","Cyc. Peptide 1","Cyclic peptides based on NAP/MolNetEnhancer","no_matches","no_matches",34,"no_matches","no_matches",NA,"10281_498.304_4.368",0.635223403166024,3,1,"s.Simplegut",0.511237358145545,6,1,"s.Herbivores,s.Omnivores",0.875595035770913,5,0.00957,"s.Primates",0.932723198120592,152,0.00319,"s.Chimp,s.Gorilla","10281","498.304","4.368"
"10283_605.393_6.19",NA,NA,NA,NA,NA,NA,NA,NA,NA,NA,NA,NA,NA,NA,NA,NA,NA,NA,NA,NA,NA,NA,NA,NA,NA,NA,NA,NA,"10283_605.393_6.19",0.786795792469443,5,0.5439,"s.Foregut,s.Simplegut",0.962163575366106,1,0.00298,"s.Carnivores",0.786795792469443,23,0.06061,"s.Carnivora,s.Cetartiodactyla,s.Primates",0.58026183498461,244,1,"s.Hyena,s.Tiger","10283","605.393","6.19"
"10292_463.267_4.365","Connected","N/A","N/A",4.365,4.365,0,"N/A",0.018000254,27,568,27,463.2669,1,463.2669,0.018000254,10292,463.267,4.365,0.018000254,"Peptides","Cyc. Peptide 3","Cyclic peptides based on NAP/MolNetEnhancer","no_matches","no_matches",34,"no_matches","no_matches",NA,"10292_463.267_4.365",0.688247201611685,3,1,"s.Simplegut",0.540499364587127,6,1,"s.Herbivores,s.Omnivores",0.845326618573521,5,0.02233,"s.Primates",0.906603330349022,152,0.24244,"s.Chimp,s.Gorilla","10292","463.267","4.365"
"10310_481.277_4.297","Connected","N/A","N/A",4.2972,4.2972,0,"N/A",0.02805664,24,568,24,481.2775,1,481.2775,0.02805664,10310,481.277,4.297,0.02805664,"Peptides","Cyc. Peptide 4","Cyclic peptides based on NAP/MolNetEnhancer","no_matches","no_matches",34,"no_matches","no_matches",NA,"10310_481.277_4.297",0.64888568452305,3,1,"s.Simplegut",0.522232967867094,6,1,"s.Herbivores,s.Omnivores",0.874412308059826,5,0.01276,"s.Primates",0.854654095921044,229,1,"s.Gorilla,s.Mandrill","10310","481.277","4.297"
"10374_433.329_7.132",NA,NA,NA,NA,NA,NA,NA,NA,NA,NA,NA,NA,NA,NA,NA,NA,NA,NA,NA,NA,NA,NA,NA,NA,NA,NA,NA,NA,"10374_433.329_7.132",0.88279577905984,1,0.00882,"s.Foregut",0.854607868616843,4,0.00298,"s.Carnivores,s.Herbivores",0.880631995212215,13,0.00319,"s.Cetartiodactyla,s.Perissodactyla",0.606862568289366,213,1,"s.Goat,s.Jungle_cat","10374","433.329","7.132"
"10412_356.293_5.953","Connected","N/A","N/A",5.9529,5.9529,0,"N/A",0.008878892,16,762,16,356.2932,1,356.2932,0.008878892,10412,356.293,5.953,0.008878892,"Bile acids","Deoxycholic acid amide 1","Neighboring node is glycodeoxycholic acid M-2(H2O)+H, delta of 58.005 which is CO2CH2, indicating that this is deoxycholic amide. Two additional peaks are the +H and -1H2O adducts","Steroids_and_steroid_derivatives","Taurinated_bile_acids_and_derivatives",31,"Bile_acids,_alcohols_and_derivatives","Lipids_and_lipid-like_molecules",NA,"10412_356.293_5.953",0.529812942826018,3,1,"s.Simplegut",0.997986311161959,1,0.00298,"s.Carnivores",0.716864449758336,2,0.25201,"s.Carnivora",0.784054868964879,244,1,"s.Hyena,s.Tiger","10412","356.293","5.953"
"10419_392.314_5.953",NA,NA,NA,NA,NA,NA,NA,NA,NA,NA,NA,NA,NA,NA,NA,NA,NA,NA,NA,NA,NA,NA,NA,NA,NA,NA,NA,NA,"10419_392.314_5.953",0.512989176042577,3,1,"s.Simplegut",0.998315709991742,1,0.00298,"s.Carnivores",0.690826663568385,2,0.40832,"s.Carnivora",0.783683547192608,244,1,"s.Hyena,s.Tiger","10419","392.314","5.953"
"10444_258.094_0.733",NA,NA,NA,NA,NA,NA,NA,NA,NA,NA,NA,NA,NA,NA,NA,NA,NA,NA,NA,NA,NA,NA,NA,NA,NA,NA,NA,NA,"10444_258.094_0.733",0.796819072889596,5,0.89964,"s.Foregut,s.Simplegut",0.922752976930628,1,0.00298,"s.Carnivores",0.896848011912214,10,0.00319,"s.Carnivora,s.Cetartiodactyla",0.773282729149403,261,1,"s.Jungle_cat,s.Sand_cat","10444","258.094","0.733"
"10446_465.283_4.289",NA,NA,NA,NA,NA,NA,NA,NA,NA,NA,NA,NA,NA,NA,NA,NA,NA,NA,NA,NA,NA,NA,NA,NA,NA,NA,NA,NA,"10446_465.283_4.289",0.67538163350597,3,1,"s.Simplegut",0.530537302325299,3,1,"s.Omnivores",0.67538163350597,12,1,"s.Carnivora,s.Primates",0.88689966847871,135,0.00638,"s.Capuchin,s.Gorilla","10446","465.283","4.289"
"10470_471.306_6.511",NA,NA,NA,NA,NA,NA,NA,NA,NA,NA,NA,NA,NA,NA,NA,NA,NA,NA,NA,NA,NA,NA,NA,NA,NA,NA,NA,NA,"10470_471.306_6.511",0.989566790610591,1,0.00294,"s.Foregut",0.507649004108729,4,1,"s.Carnivores,s.Herbivores",0.978917865977286,3,0.00319,"s.Cetartiodactyla",0.85440383399131,220,1,"s.Goat,s.Sheep","10470","471.306","6.511"
"1055_479.298_5.575","Connected","N/A","N/A",5.5746,5.5746,0,"N/A",0.019110091,34,82,34,479.2982,1,479.2982,0.019110091,1055,479.298,5.575,0.019110091,"Triterpenoids","Unclassified-3","","no_matches","no_matches",87,"no_matches","no_matches",NA,"1055_479.298_5.575",0.879049072991533,4,0.00294,"s.Foregut,s.Hindgut",0.824621125123532,2,0.00298,"s.Herbivores",0.97182531580755,13,0.00319,"s.Cetartiodactyla,s.Perissodactyla",0.793732758664517,182,0.00319,"s.Donkey,s.Goat","1055","479.298","5.575"
"10564_374.304_5.954",NA,NA,NA,NA,NA,NA,NA,NA,NA,NA,NA,NA,NA,NA,NA,NA,NA,NA,NA,NA,NA,NA,NA,NA,NA,NA,NA,NA,"10564_374.304_5.954",0.495594627783352,3,1,"s.Simplegut",0.998993714215509,1,0.00298,"s.Carnivores",0.692056238913587,2,0.37323,"s.Carnivora",0.79556786161051,244,1,"s.Hyena,s.Tiger","10564","374.304","5.954"
"10771_471.307_6.41",NA,NA,NA,NA,NA,NA,NA,NA,NA,NA,NA,NA,NA,NA,NA,NA,NA,NA,NA,NA,NA,NA,NA,NA,NA,NA,NA,NA,"10771_471.307_6.41",0.994575839554507,1,0.00294,"s.Foregut",0.562479207311476,2,1,"s.Herbivores",0.99142608960187,3,0.00319,"s.Cetartiodactyla",0.968349084818834,220,0.00957,"s.Goat,s.Sheep","10771","471.307","6.41"
"1133_428.346_4.36",NA,NA,NA,NA,NA,NA,NA,NA,NA,NA,NA,NA,NA,NA,NA,NA,NA,NA,NA,NA,NA,NA,NA,NA,NA,NA,NA,NA,"1133_428.346_4.36",0.707106781186548,2,0.97314,"s.Hindgut",0.616441400296898,2,0.3278,"s.Herbivores",0.727256858045296,4,0.15631,"s.Perissodactyla",0.970036275837657,195,0.00319,"s.Donkey,s.Zebra","1133","428.346","4.36"
"1148_301.139_2.202",NA,NA,NA,NA,NA,NA,NA,NA,NA,NA,NA,NA,NA,NA,NA,NA,NA,NA,NA,NA,NA,NA,NA,NA,NA,NA,NA,NA,"1148_301.139_2.202",0.941468871691272,4,0.00294,"s.Foregut,s.Hindgut",0.883176086632785,2,0.00298,"s.Herbivores",0.941468871691272,19,0.00319,"s.Afrotheria,s.Cetartiodactyla,s.Perissodactyla",0.7240134340237,222,0.00319,"s.Goat,s.Zebra","1148","301.139","2.202"
"1170_424.28_6.779",NA,NA,NA,NA,NA,NA,NA,NA,NA,NA,NA,NA,NA,NA,NA,NA,NA,NA,NA,NA,NA,NA,NA,NA,NA,NA,NA,NA,"1170_424.28_6.779",0.801314709186032,6,1,"s.Hindgut,s.Simplegut",0.832575412909736,6,0.00596,"s.Herbivores,s.Omnivores",0.947131893417919,21,0.00319,"s.Afrotheria,s.Perissodactyla,s.Primates",0.641695875647289,164,1,"s.Chimp,s.Zebra","1170","424.28","6.779"
"11711_312.2_1.719",NA,NA,NA,NA,NA,NA,NA,NA,NA,NA,NA,NA,NA,NA,NA,NA,NA,NA,NA,NA,NA,NA,NA,NA,NA,NA,NA,NA,"11711_312.2_1.719",0.710977571847876,5,1,"s.Foregut,s.Simplegut",0.824854953961461,1,0.00298,"s.Carnivores",0.890300395982249,2,0.00319,"s.Carnivora",0.654400274179218,278,1,"s.Leopard,s.Tiger","11711","312.2","1.719"
"11712_399.324_7.145",NA,NA,NA,NA,NA,NA,NA,NA,NA,NA,NA,NA,NA,NA,NA,NA,NA,NA,NA,NA,NA,NA,NA,NA,NA,NA,NA,NA,"11712_399.324_7.145",0.408792609781515,5,1,"s.Foregut,s.Simplegut",0.826688329376907,1,0.00298,"s.Carnivores",0.557072335970068,2,1,"s.Carnivora",0.80811373296849,263,1,"s.Jungle_cat,s.Tiger","11712","399.324","7.145"
"11777_338.194_2.771",NA,NA,NA,NA,NA,NA,NA,NA,NA,NA,NA,NA,NA,NA,NA,NA,NA,NA,NA,NA,NA,NA,NA,NA,NA,NA,NA,NA,"11777_338.194_2.771",0.324442842261525,3,1,"s.Simplegut",0.679366220486757,1,0.00298,"s.Carnivores",0.471404520791032,2,1,"s.Carnivora",0.992320197606088,278,0.06061,"s.Leopard,s.Tiger","11777","338.194","2.771"
"1181_312.2_1.664",NA,NA,NA,NA,NA,NA,NA,NA,NA,NA,NA,NA,NA,NA,NA,NA,NA,NA,NA,NA,NA,NA,NA,NA,NA,NA,NA,NA,"1181_312.2_1.664",0.753864659878254,5,1,"s.Foregut,s.Simplegut",0.785783088869337,1,0.00894,"s.Carnivores",0.8641869124412,2,0.00638,"s.Carnivora",0.590207356140758,238,1,"s.Hyena,s.Leopard","1181","312.2","1.664"
"1182_449.324_5.301","Connected","N/A","N/A",5.3008,5.3008,0,"N/A",0.009422973,34,82,34,449.3243,1,449.3243,0.009422973,1182,449.324,5.301,0.009422973,"Triterpenoids","Pellets-6","","no_matches","no_matches",87,"no_matches","no_matches",NA,"1182_449.324_5.301",0.977191065729061,1,0.00294,"s.Foregut",0.659749625708107,2,0.80162,"s.Herbivores",0.968866205899364,3,0.00319,"s.Cetartiodactyla",0.911272810711298,220,0.00319,"s.Goat,s.Sheep","1182","449.324","5.301"
"12008_373.272_4.486","Connected","Spectral_Match_to_Cholic_acid_from_NIST14","0.816466",4.4858,4.4858,0,"CCMSLIB00003135149",0.014913042,28,137,28,373.2722,1,373.2722,0.014913042,12008,373.272,4.486,0.014913042,"Bile acids","Cholic acid 1",NA,NA,NA,NA,NA,NA,NA,"12008_373.272_4.486",0.685886189889189,3,1,"s.Simplegut",0.897577683843698,1,0.00298,"s.Carnivores",0.913257536430616,2,0.01595,"s.Carnivora",0.827514390956423,273,1,"s.Leopard,s.Lion","12008","373.272","4.486"
"12023_479.382_4.357",NA,NA,NA,NA,NA,NA,NA,NA,NA,NA,NA,NA,NA,NA,NA,NA,NA,NA,NA,NA,NA,NA,NA,NA,NA,NA,NA,NA,"12023_479.382_4.357",0.374634324632678,3,1,"s.Simplegut",0.677262588062266,1,0.00298,"s.Carnivores",0.50826383139487,2,1,"s.Carnivora",0.86674419834068,284,1,"s.Lion,s.Tiger","12023","479.382","4.357"
"12024_358.281_5.57",NA,NA,NA,NA,NA,NA,NA,NA,NA,NA,NA,NA,NA,NA,NA,NA,NA,NA,NA,NA,NA,NA,NA,NA,NA,NA,NA,NA,"12024_358.281_5.57",0.622340722264001,3,1,"s.Simplegut",0.876812624849333,1,0.00298,"s.Carnivores",0.847411025847759,2,0.01276,"s.Carnivora",0.807106013357159,278,1,"s.Leopard,s.Tiger","12024","358.281","5.57"
"12413_376.291_5.832","Connected","N/A","N/A",5.8316,5.8316,0,"N/A",0.006848127,24,51,24,376.2912,1,376.2912,0.006848127,12413,376.291,5.832,0.006848127,"Bile acids","Isolithocholic acid 1","Isolithocholic acid is third node in cluster, high confidence in silico NAP ID.","no_matches","no_matches",3,"no_matches","no_matches",NA,"12413_376.291_5.832",0.617213399848368,5,1,"s.Foregut,s.Simplegut",0.988835277709408,1,0.00298,"s.Carnivores",0.747451638851103,10,0.23287,"s.Carnivora,s.Cetartiodactyla",0.731747559780087,263,1,"s.Jungle_cat,s.Tiger","12413","376.291","5.832"
"12567_375.212_4.718",NA,NA,NA,NA,NA,NA,NA,NA,NA,NA,NA,NA,NA,NA,NA,NA,NA,NA,NA,NA,NA,NA,NA,NA,NA,NA,NA,NA,"12567_375.212_4.718",0.606976978666884,3,1,"s.Simplegut",0.692865212906954,3,0.04172,"s.Omnivores",0.702761209438835,2,0.41151,"s.Carnivora",0.879991698988847,70,0.13717,"s.Black_bear,s.Brown_bear","12567","375.212","4.718"
"12702_433.329_7.606","Connected","N/A","N/A",7.6063,7.6063,0,"N/A",0.020097726,47,82,47,433.3294,1,433.3294,0.020097726,12702,433.329,7.606,0.020097726,"Triterpenoids","Pellets-13","","no_matches","no_matches",87,"no_matches","no_matches",NA,"12702_433.329_7.606",0.960313444168163,1,0.00294,"s.Foregut",0.789053451214605,2,0.03278,"s.Herbivores",0.977891952986628,13,0.00319,"s.Cetartiodactyla,s.Perissodactyla",0.898056837663056,220,0.00319,"s.Goat,s.Sheep","12702","433.329","7.606"
"1275_303.169_4.133",NA,NA,NA,NA,NA,NA,NA,NA,NA,NA,NA,NA,NA,NA,NA,NA,NA,NA,NA,NA,NA,NA,NA,NA,NA,NA,NA,NA,"1275_303.169_4.133",0.829063807934428,5,0.70266,"s.Foregut,s.Simplegut",0.933638450635805,1,0.00298,"s.Carnivores",0.840295590438714,23,0.03828,"s.Carnivora,s.Cetartiodactyla,s.Primates",0.612604672421478,278,1,"s.Leopard,s.Tiger","1275","303.169","4.133"
"12788_464.281_4.693","Connected","taurohyodeoxycholic_acid","0.797751",4.6931,4.6931,0,"CCMSLIB00005435583",0.007610319,20,762,20,464.2812,1,464.2812,0.007610319,12788,464.281,4.693,0.007610319,"Bile acids","Taurohyodeoxycholic acid 3",NA,NA,NA,NA,NA,NA,NA,"12788_464.281_4.693",0.592348877759092,3,1,"s.Simplegut",0.950361758815065,1,0.00298,"s.Carnivores",0.835319267964955,2,0.08294,"s.Carnivora",0.886444652117511,236,1,"s.Hyena,s.Jungle_cat","12788","464.281","4.693"
"1285_415.319_6.79","Connected","N/A","N/A",6.7901,6.7901,0,"N/A",0.01105483,42,137,42,415.3188,1,415.3188,0.01105483,1285,415.319,6.79,0.01105483,"Bile acids","THCA (C27) 1","THCA 3a,7a,12a-trihydroxy-5ï¬‚-cholestanoic acid (precursor to cholic acid in biosynthetic pathway)","Steroids_and_steroid_derivatives","Trihydroxy_bile_acids,_alcohols_and_derivatives",88,"Bile_acids,_alcohols_and_derivatives","Lipids_and_lipid-like_molecules",NA,"1285_415.319_6.79",0.785012188395467,1,1,"s.Foregut",0.957269026205923,1,0.00298,"s.Carnivores",0.871271407252222,10,0.04147,"s.Carnivora,s.Cetartiodactyla",0.750843469689145,278,1,"s.Leopard,s.Tiger","1285","415.319","6.79"
"12869_209.116_5.851",NA,NA,NA,NA,NA,NA,NA,NA,NA,NA,NA,NA,NA,NA,NA,NA,NA,NA,NA,NA,NA,NA,NA,NA,NA,NA,NA,NA,"12869_209.116_5.851",0.397359707119513,3,1,"s.Simplegut",0.675811346744344,1,0.00596,"s.Carnivores",0.46441171300861,2,1,"s.Carnivora",0.792468177874824,239,1,"s.Hyena,s.Lion","12869","209.116","5.851"
"13019_190.071_1.503","Connected","Spectral_Match_to_N-Acetyl-L-glutamic_acid_from_NIST14","0.907098",1.5027,1.5027,0,"CCMSLIB00003138157",0.0184381,53,6315,53,190.0705,1,190.0705,0.0184381,13019,190.071,1.503,0.0184381,"N-acyl AA",NA,NA,NA,NA,NA,NA,NA,NA,"13019_190.071_1.503",0.955133865881839,3,0.00294,"s.Simplegut",0.882955681816616,5,0.00298,"s.Carnivores,s.Omnivores",0.955133865881839,12,0.00319,"s.Carnivora,s.Primates",0.570004896854499,229,1,"s.Gorilla,s.Mandrill","13019","190.071","1.503"
"1311_428.346_3.965",NA,NA,NA,NA,NA,NA,NA,NA,NA,NA,NA,NA,NA,NA,NA,NA,NA,NA,NA,NA,NA,NA,NA,NA,NA,NA,NA,NA,"1311_428.346_3.965",0.725476250110012,2,0.88788,"s.Hindgut",0.632455532033676,2,0.32184,"s.Herbivores",0.855977602438513,1,0.00638,"s.Afrotheria",0.865303668875247,25,1,"s.African_elephant,s.Asian_elephant","1311","428.346","3.965"
"13411_433.329_8.407","Connected","N/A","N/A",8.407,8.407,0,"N/A",0.014953868,27,82,27,433.3294,1,433.3294,0.014953868,13411,433.329,8.407,0.014953868,"Triterpenoids","Oat-straw-10","","no_matches","no_matches",87,"no_matches","no_matches",NA,"13411_433.329_8.407",0.987929213372584,1,0.00294,"s.Foregut",0.734846922834953,2,0.04768,"s.Herbivores",0.984783472923822,3,0.00319,"s.Cetartiodactyla",0.981875860576671,220,0.00319,"s.Goat,s.Sheep","13411","433.329","8.407"
"1352_440.275_6.296",NA,NA,NA,NA,NA,NA,NA,NA,NA,NA,NA,NA,NA,NA,NA,NA,NA,NA,NA,NA,NA,NA,NA,NA,NA,NA,NA,NA,"1352_440.275_6.296",0.717531522059146,7,NA,"s.Foregut,s.Hindgut,s.Simplegut",0.758458974880163,6,0.33972,"s.Herbivores,s.Omnivores",0.828749386954833,21,0.01914,"s.Afrotheria,s.Perissodactyla,s.Primates",0.803312334373447,30,0.37642,"s.African_elephant,s.Chimp","1352","440.275","6.296"
"13545_273.144_1.951",NA,NA,NA,NA,NA,NA,NA,NA,NA,NA,NA,NA,NA,NA,NA,NA,NA,NA,NA,NA,NA,NA,NA,NA,NA,NA,NA,NA,"13545_273.144_1.951",0.890425139627227,4,0.00294,"s.Foregut,s.Hindgut",0.792920224150025,4,0.00298,"s.Carnivores,s.Herbivores",0.891350864101017,13,0.00319,"s.Cetartiodactyla,s.Perissodactyla",0.623397391953935,220,1,"s.Goat,s.Sheep","13545","273.144","1.951"
"1355_456.377_4.395",NA,NA,NA,NA,NA,NA,NA,NA,NA,NA,NA,NA,NA,NA,NA,NA,NA,NA,NA,NA,NA,NA,NA,NA,NA,NA,NA,NA,"1355_456.377_4.395",0.858395075278952,2,0.0588,"s.Hindgut",0.748331477354788,2,0.03278,"s.Herbivores",0.858395075278952,8,0.01914,"s.Afrotheria,s.Perissodactyla",0.871946016520575,47,1,"s.African_elephant,s.Zebra","1355","456.377","4.395"
"13747_450.328_6.275",NA,NA,NA,NA,NA,NA,NA,NA,NA,NA,NA,NA,NA,NA,NA,NA,NA,NA,NA,NA,NA,NA,NA,NA,NA,NA,NA,NA,"13747_450.328_6.275",0.949472799375059,1,0.00294,"s.Foregut",0.831594383029873,4,0.00596,"s.Carnivores,s.Herbivores",0.988150603244347,13,0.00319,"s.Cetartiodactyla,s.Perissodactyla",0.887817044874203,220,0.00319,"s.Goat,s.Sheep","13747","450.328","6.275"
"13865_453.228_4.883","Connected","N/A","N/A",4.8825,4.8825,0,"N/A",0.007028751,10,137,10,453.2285,1,453.2285,0.007028751,13865,453.228,4.883,0.007028751,"Bile acids","Cholic acid 7-sulfate 1","Cholic acid 7-sulfate","Steroids_and_steroid_derivatives","Trihydroxy_bile_acids,_alcohols_and_derivatives",88,"Bile_acids,_alcohols_and_derivatives","Lipids_and_lipid-like_molecules",NA,"13865_453.228_4.883",0.418853908291695,3,1,"s.Simplegut",0.783197760228495,1,0.00298,"s.Carnivores",0.608580619450185,2,1,"s.Carnivora",0.947542766202725,278,1,"s.Leopard,s.Tiger","13865","453.228","4.883"
"13866_184.133_2.524","Connected","N/A","N/A",2.5243,2.5243,0,"N/A",0.010642931,7,43,7,184.1328,1,184.1328,0.010642931,13866,184.133,2.524,0.010642931,"Flavonoids","FL 1 (m/z 184.139)","Flavonol. In silico/MolNetEnhancer.","Flavonoids","Flavonols",66,"Flavones","Phenylpropanoids_and_polyketides",NA,"13866_184.133_2.524",0.350438322025231,3,1,"s.Simplegut",0.733799385705343,1,0.00298,"s.Carnivores",0.509175077217316,2,1,"s.Carnivora",0.897622841967787,244,1,"s.Hyena,s.Tiger","13866","184.133","2.524"
"1395_206.044_2.419",NA,NA,NA,NA,NA,NA,NA,NA,NA,NA,NA,NA,NA,NA,NA,NA,NA,NA,NA,NA,NA,NA,NA,NA,NA,NA,NA,NA,"1395_206.044_2.419",0.873471778098284,4,0.00588,"s.Foregut,s.Hindgut",0.891882585015845,6,0.00298,"s.Herbivores,s.Omnivores",0.896151327809075,25,0.00319,"s.Cetartiodactyla,s.Perissodactyla,s.Primates",0.727614497200188,234,0.00319,"s.Gorilla,s.Zebra","1395","206.044","2.419"
"14489_591.315_5.832",NA,NA,NA,NA,NA,NA,NA,NA,NA,NA,NA,NA,NA,NA,NA,NA,NA,NA,NA,NA,NA,NA,NA,NA,NA,NA,NA,NA,"14489_591.315_5.832",0.477566932940919,3,1,"s.Simplegut",0.77416060171758,1,0.00298,"s.Carnivores",0.693888666488711,2,0.34133,"s.Carnivora",0.871494180672602,278,1,"s.Leopard,s.Tiger","14489","591.315","5.832"
"14786_265_1.366",NA,NA,NA,NA,NA,NA,NA,NA,NA,NA,NA,NA,NA,NA,NA,NA,NA,NA,NA,NA,NA,NA,NA,NA,NA,NA,NA,NA,"14786_265_1.366",0.606976978666884,3,1,"s.Simplegut",0.641688947919748,5,0.1192,"s.Carnivores,s.Omnivores",0.778469302716831,2,0.02552,"s.Carnivora",0.704679706205979,140,1,"s.Capuchin,s.Leopard","14786","265","1.366"
"14855_172.108_1.673",NA,NA,NA,NA,NA,NA,NA,NA,NA,NA,NA,NA,NA,NA,NA,NA,NA,NA,NA,NA,NA,NA,NA,NA,NA,NA,NA,NA,"14855_172.108_1.673",0.620190301020639,2,1,"s.Hindgut",0.6,2,0.31886,"s.Herbivores",0.693578301746135,4,0.19778,"s.Perissodactyla",0.87455101607826,24,0.00319,"s.Zebra","14855","172.108","1.673"
"14912_591.315_4.071","Connected","Spectral_Match_to_Urobilin_from_NIST14","0.877932",4.0707,4.0707,0,"CCMSLIB00003137178",0.019379975,24,133,24,591.3148,1,591.3148,0.019379975,14912,591.315,4.071,0.019379975,"Bile pigments",NA,NA,NA,NA,NA,NA,NA,NA,"14912_591.315_4.071",0.616852461911393,3,1,"s.Simplegut",0.664554828674538,5,0.298,"s.Carnivores,s.Omnivores",0.837856659869194,2,0.02552,"s.Carnivora",0.614604300788449,235,1,"s.Hyena,s.Israeli_Wolf","14912","591.315","4.071"
"15266_318.19_1.69",NA,NA,NA,NA,NA,NA,NA,NA,NA,NA,NA,NA,NA,NA,NA,NA,NA,NA,NA,NA,NA,NA,NA,NA,NA,NA,NA,NA,"15266_318.19_1.69",0.685219474569214,3,1,"s.Simplegut",0.940395517768038,1,0.00298,"s.Carnivores",0.835455773016718,2,0.02871,"s.Carnivora",0.834240297859383,278,1,"s.Leopard,s.Tiger","15266","318.19","1.69"
"1544_359.144_0.695",NA,NA,NA,NA,NA,NA,NA,NA,NA,NA,NA,NA,NA,NA,NA,NA,NA,NA,NA,NA,NA,NA,NA,NA,NA,NA,NA,NA,"1544_359.144_0.695",0.751236604302243,7,NA,"s.Foregut,s.Hindgut,s.Simplegut",0.906101844237633,4,0.0298,"s.Carnivores,s.Herbivores",0.769709688523557,22,1,"s.Carnivora,s.Cetartiodactyla,s.Perissodactyla",0.751047268724406,284,1,"s.Lion,s.Tiger","1544","359.144","0.695"
"15611_303.169_3.666",NA,NA,NA,NA,NA,NA,NA,NA,NA,NA,NA,NA,NA,NA,NA,NA,NA,NA,NA,NA,NA,NA,NA,NA,NA,NA,NA,NA,"15611_303.169_3.666",0.598512520403727,3,1,"s.Simplegut",0.977449536751311,1,0.00298,"s.Carnivores",0.819870811834918,2,0.0319,"s.Carnivora",0.745107500196132,278,1,"s.Leopard,s.Tiger","15611","303.169","3.666"
"1570_319.164_4.111",NA,NA,NA,NA,NA,NA,NA,NA,NA,NA,NA,NA,NA,NA,NA,NA,NA,NA,NA,NA,NA,NA,NA,NA,NA,NA,NA,NA,"1570_319.164_4.111",0.9281089045009,7,NA,"s.Foregut,s.Hindgut,s.Simplegut",0.943709586574281,5,0.00298,"s.Carnivores,s.Omnivores",0.91624864985552,16,0.22649,"s.Afrotheria,s.Carnivora,s.Cetartiodactyla",0.614203007796916,128,1,"s.Cape_Hunting_dog,s.Tiger","1570","319.164","4.111"
"15729_431.314_6.456",NA,NA,NA,NA,NA,NA,NA,NA,NA,NA,NA,NA,NA,NA,NA,NA,NA,NA,NA,NA,NA,NA,NA,NA,NA,NA,NA,NA,"15729_431.314_6.456",0.977697124370364,1,0.00294,"s.Foregut",0.514200545965449,1,1,"s.Carnivores",0.95850610477992,3,0.00319,"s.Cetartiodactyla",0.825163906051062,220,1,"s.Goat,s.Sheep","15729","431.314","6.456"
"1596_146.117_0.935",NA,NA,NA,NA,NA,NA,NA,NA,NA,NA,NA,NA,NA,NA,NA,NA,NA,NA,NA,NA,NA,NA,NA,NA,NA,NA,NA,NA,"1596_146.117_0.935",0.863220572615444,3,0.62034,"s.Simplegut",0.863449300950991,1,0.03278,"s.Carnivores",0.877058019307029,18,0.33495,"s.Afrotheria,s.Carnivora,s.Primates",0.877579139428323,244,1,"s.Hyena,s.Tiger","1596","146.117","0.935"
"1619_184.06_1.856",NA,NA,NA,NA,NA,NA,NA,NA,NA,NA,NA,NA,NA,NA,NA,NA,NA,NA,NA,NA,NA,NA,NA,NA,NA,NA,NA,NA,"1619_184.06_1.856",0.894427190999916,6,0.04998,"s.Hindgut,s.Simplegut",0.867453311438,7,NA,"s.Carnivores,s.Herbivores,s.Omnivores",0.885368874888118,18,0.00319,"s.Afrotheria,s.Carnivora,s.Primates",0.56514390285748,94,1,"s.Brown_bear,s.Coati","1619","184.06","1.856"
"16510_449.324_6.454",NA,NA,NA,NA,NA,NA,NA,NA,NA,NA,NA,NA,NA,NA,NA,NA,NA,NA,NA,NA,NA,NA,NA,NA,NA,NA,NA,NA,"16510_449.324_6.454",0.978458280830827,1,0.00294,"s.Foregut",0.830334785078529,2,0.06258,"s.Herbivores",0.970006490410408,3,0.00319,"s.Cetartiodactyla",0.927548709799585,220,0.00319,"s.Goat,s.Sheep","16510","449.324","6.454"
"1671_385.341_4.447",NA,NA,NA,NA,NA,NA,NA,NA,NA,NA,NA,NA,NA,NA,NA,NA,NA,NA,NA,NA,NA,NA,NA,NA,NA,NA,NA,NA,"1671_385.341_4.447",0.668856054059939,2,1,"s.Hindgut",0.58309518948453,2,0.76288,"s.Herbivores",0.725206369679426,4,0.24244,"s.Perissodactyla",0.955432934097042,24,0.00319,"s.Zebra","1671","385.341","4.447"
"17164_314.109_3.908",NA,NA,NA,NA,NA,NA,NA,NA,NA,NA,NA,NA,NA,NA,NA,NA,NA,NA,NA,NA,NA,NA,NA,NA,NA,NA,NA,NA,"17164_314.109_3.908",0.97942423081703,4,0.00294,"s.Foregut,s.Hindgut",0.942721292767099,2,0.00298,"s.Herbivores",0.965598677278004,19,0.00319,"s.Afrotheria,s.Cetartiodactyla,s.Perissodactyla",0.784828746227865,220,0.00319,"s.Goat,s.Sheep","17164","314.109","3.908"
"1745_259.164_0.696",NA,NA,NA,NA,NA,NA,NA,NA,NA,NA,NA,NA,NA,NA,NA,NA,NA,NA,NA,NA,NA,NA,NA,NA,NA,NA,NA,NA,"1745_259.164_0.696",0.6721442255663,5,1,"s.Foregut,s.Simplegut",0.994960196142324,1,0.00298,"s.Carnivores",0.74885028068787,10,1,"s.Carnivora,s.Cetartiodactyla",0.715355735138423,254,1,"s.Israeli_Wolf,s.Tiger","1745","259.164","0.696"
"17867_595.346_5.817","Connected","N/A","N/A",5.8169,5.8169,0,"N/A",0.00910256,9,240,9,595.346,1,595.346,0.00910256,17867,595.346,5.817,0.00910256,"Bile pigments","BR 1 (m/z 595.35)","Based on GNPS ID in cluster","Tetrapyrroles_and_derivatives","Bilirubins",66,"Bilirubins","Organoheterocyclic_compounds",NA,"17867_595.346_5.817",0.343325871669498,3,1,"s.Simplegut",0.645547955757711,1,0.02086,"s.Carnivores",0.481356218718394,2,1,"s.Carnivora",0.674488058897384,263,1,"s.Jungle_cat,s.Tiger","17867","595.346","5.817"
"17877_415.319_6.893",NA,NA,NA,NA,NA,NA,NA,NA,NA,NA,NA,NA,NA,NA,NA,NA,NA,NA,NA,NA,NA,NA,NA,NA,NA,NA,NA,NA,"17877_415.319_6.893",0.872426131567264,1,0.1029,"s.Foregut",0.888916286919312,4,0.00298,"s.Carnivores,s.Herbivores",0.937340627932126,22,0.00319,"s.Carnivora,s.Cetartiodactyla,s.Perissodactyla",0.649921375930361,221,1,"s.Goat,s.Tiger","17877","415.319","6.893"
"17894_190.07_1.387","Connected","Spectral_Match_to_N-Acetyl-L-glutamic_acid_from_NIST14","0.974773",1.3867,1.3867,0,"CCMSLIB00003138157",0.020580799,46,6315,46,190.0705,1,190.0705,0.020580799,17894,190.07,1.387,0.020580799,"N-acyl AA",NA,NA,NA,NA,NA,NA,NA,NA,"17894_190.07_1.387",0.898341551894183,3,0.00294,"s.Simplegut",0.829590814120423,5,0.00298,"s.Carnivores,s.Omnivores",0.898341551894183,12,0.00319,"s.Carnivora,s.Primates",0.587619310998992,229,1,"s.Gorilla,s.Mandrill","17894","190.07","1.387"
"1869_138.091_0.96",NA,NA,NA,NA,NA,NA,NA,NA,NA,NA,NA,NA,NA,NA,NA,NA,NA,NA,NA,NA,NA,NA,NA,NA,NA,NA,NA,NA,"1869_138.091_0.96",0.765769188716567,3,1,"s.Simplegut",0.975679678621018,1,0.00298,"s.Carnivores",0.887542388989014,2,0.00957,"s.Carnivora",0.827114865605631,278,1,"s.Leopard,s.Tiger","1869","138.091","0.96"
"18861_179.584_0.7",NA,NA,NA,NA,NA,NA,NA,NA,NA,NA,NA,NA,NA,NA,NA,NA,NA,NA,NA,NA,NA,NA,NA,NA,NA,NA,NA,NA,"18861_179.584_0.7",0.324442842261525,3,1,"s.Simplegut",0.618289631061915,1,0.0149,"s.Carnivores",0.471404520791032,2,1,"s.Carnivora",0.761808536015673,284,1,"s.Lion,s.Tiger","18861","179.584","0.7"
"1935_433.329_8.196","Connected","N/A","N/A",8.196,8.196,0,"N/A",0.849561093,54,82,54,433.3294,1,433.3294,0.849561093,1935,433.329,8.196,0.849561093,"Triterpenoids","Oat-straw-8","","no_matches","no_matches",87,"no_matches","no_matches",NA,"1935_433.329_8.196",0.928691033987636,4,0.00294,"s.Foregut,s.Hindgut",0.924069159658831,2,0.00298,"s.Herbivores",0.998339397401696,13,0.00319,"s.Cetartiodactyla,s.Perissodactyla",0.841289615301806,220,0.00319,"s.Goat,s.Sheep","1935","433.329","8.196"
"19516_358.281_6.177","Connected","N/A","N/A",6.1765,6.1765,0,"N/A",0.003572584,17,51,17,358.2807,1,358.2807,0.003572584,19516,358.281,6.177,0.003572584,"Bile acids","Isolithocholic acid 2"," [-H2O+H]. Isolithocholic acid is third node in cluster, high confidence in silico ID.","no_matches","no_matches",3,"no_matches","no_matches",NA,"19516_358.281_6.177",0.54611868127275,3,1,"s.Simplegut",0.996523384414107,1,0.00298,"s.Carnivores",0.715235408036771,2,0.2552,"s.Carnivora",0.727764196307929,278,1,"s.Leopard,s.Tiger","19516","358.281","6.177"
"19535_447.309_4.846","Connected","N/A","N/A",4.8462,4.8462,0,"N/A",0.022832376,40,82,40,447.3088,1,447.3088,0.022832376,19535,447.309,4.846,0.022832376,"Triterpenoids","Wheat-straw-3","","no_matches","no_matches",87,"no_matches","no_matches",NA,"19535_447.309_4.846",0.888354894417929,4,0.00294,"s.Foregut,s.Hindgut",0.806660026528853,2,0.00298,"s.Herbivores",0.978799618369663,13,0.00319,"s.Cetartiodactyla,s.Perissodactyla",0.724176547250491,182,0.00319,"s.Donkey,s.Goat","19535","447.309","4.846"
"1974_625.357_4.094",NA,NA,NA,NA,NA,NA,NA,NA,NA,NA,NA,NA,NA,NA,NA,NA,NA,NA,NA,NA,NA,NA,NA,NA,NA,NA,NA,NA,"1974_625.357_4.094",0.831313184303642,4,0.90846,"s.Foregut,s.Hindgut",0.814473042300151,7,NA,"s.Carnivores,s.Herbivores,s.Omnivores",0.868420113371992,25,0.00319,"s.Cetartiodactyla,s.Perissodactyla,s.Primates",0.666566146994466,120,1,"s.Cape_Hunting_dog,s.Jungle_cat","1974","625.357","4.094"
"1977_196.877_0.596",NA,NA,NA,NA,NA,NA,NA,NA,NA,NA,NA,NA,NA,NA,NA,NA,NA,NA,NA,NA,NA,NA,NA,NA,NA,NA,NA,NA,"1977_196.877_0.596",0.85224162622679,6,0.15288,"s.Hindgut,s.Simplegut",0.885489079035371,6,0.00298,"s.Herbivores,s.Omnivores",0.979201698181374,21,0.00319,"s.Afrotheria,s.Perissodactyla,s.Primates",0.619445401462221,159,1,"s.Chimp,s.Mandrill","1977","196.877","0.596"
"1982_479.298_5.102","Connected","N/A","N/A",5.1022,5.1022,0,"N/A",0.034216873,35,82,35,479.2981,1,479.2981,0.034216873,1982,479.298,5.102,0.034216873,"Triterpenoids","Unclassified-1","","no_matches","no_matches",87,"no_matches","no_matches",NA,"1982_479.298_5.102",0.891882585015845,4,0.00294,"s.Foregut,s.Hindgut",0.836660026534076,2,0.00298,"s.Herbivores",0.986013297183269,13,0.00319,"s.Cetartiodactyla,s.Perissodactyla",0.793405148416684,222,0.00319,"s.Goat,s.Zebra","1982","479.298","5.102"
"1999_251.138_2.71",NA,NA,NA,NA,NA,NA,NA,NA,NA,NA,NA,NA,NA,NA,NA,NA,NA,NA,NA,NA,NA,NA,NA,NA,NA,NA,NA,NA,"1999_251.138_2.71",0.677543951887677,2,1,"s.Hindgut",0.606385990495414,4,1,"s.Carnivores,s.Herbivores",0.756433567860288,4,0.0957,"s.Perissodactyla",0.889126630710253,300,0.00319,"s.Tiger,s.Zebra","1999","251.138","2.71"
"2084_465.319_4.166","Connected","N/A","N/A",4.1659,4.1659,0,"N/A",0.029551044,31,82,31,465.319,1,465.319,0.029551044,2084,465.319,4.166,0.029551044,"Triterpenoids","Pellets-1","","no_matches","no_matches",87,"no_matches","no_matches",NA,"2084_465.319_4.166",0.793522870314288,4,0.18228,"s.Foregut,s.Hindgut",0.721445859092079,2,0.02086,"s.Herbivores",0.873831083003,13,0.00319,"s.Cetartiodactyla,s.Perissodactyla",0.85330888897298,195,0.00319,"s.Donkey,s.Zebra","2084","465.319","4.166"
"2125_465.319_4.344","Connected","N/A","N/A",4.3438,4.3438,0,"N/A",0.03117767,38,82,38,465.3191,1,465.3191,0.03117767,2125,465.319,4.344,0.03117767,"Triterpenoids","Pellets-2","","no_matches","no_matches",87,"no_matches","no_matches",NA,"2125_465.319_4.344",0.889902150624665,4,0.00588,"s.Foregut,s.Hindgut",0.822050638512511,2,0.00298,"s.Herbivores",0.982096590914387,13,0.00319,"s.Cetartiodactyla,s.Perissodactyla",0.815487564163695,195,0.00319,"s.Donkey,s.Zebra","2125","465.319","4.344"
"2319_303.169_5.086",NA,NA,NA,NA,NA,NA,NA,NA,NA,NA,NA,NA,NA,NA,NA,NA,NA,NA,NA,NA,NA,NA,NA,NA,NA,NA,NA,NA,"2319_303.169_5.086",0.562518964987806,3,1,"s.Simplegut",0.975002179016857,1,0.00298,"s.Carnivores",0.729716579099753,2,0.30305,"s.Carnivora",0.688030690405626,278,1,"s.Leopard,s.Tiger","2319","303.169","5.086"
"2571_463.303_5.372",NA,NA,NA,NA,NA,NA,NA,NA,NA,NA,NA,NA,NA,NA,NA,NA,NA,NA,NA,NA,NA,NA,NA,NA,NA,NA,NA,NA,"2571_463.303_5.372",0.889062691078237,4,0.00294,"s.Foregut,s.Hindgut",0.820032466880579,2,0.00298,"s.Herbivores",0.980579296317747,13,0.00319,"s.Cetartiodactyla,s.Perissodactyla",0.819366301910182,195,0.00319,"s.Donkey,s.Zebra","2571","463.303","5.372"
"2573_461.287_4.877","Connected","N/A","N/A",4.8774,4.8774,0,"N/A",0.028456486,36,82,36,461.2873,1,461.2873,0.028456486,2573,461.287,4.877,0.028456486,"Triterpenoids","Wheat-straw-5","","no_matches","no_matches",87,"no_matches","no_matches",NA,"2573_461.287_4.877",0.864225132552599,4,0.02646,"s.Foregut,s.Hindgut",0.807786833676177,2,0.00298,"s.Herbivores",0.953867204384754,13,0.00319,"s.Cetartiodactyla,s.Perissodactyla",0.854086012779228,195,0.00319,"s.Donkey,s.Zebra","2573","461.287","4.877"
"2591_565.242_7.521",NA,NA,NA,NA,NA,NA,NA,NA,NA,NA,NA,NA,NA,NA,NA,NA,NA,NA,NA,NA,NA,NA,NA,NA,NA,NA,NA,NA,"2591_565.242_7.521",0.807580346291195,4,0.5586,"s.Foregut,s.Hindgut",0.851302853116446,2,0.00298,"s.Herbivores",0.858396361326456,25,0.00638,"s.Cetartiodactyla,s.Perissodactyla,s.Primates",0.787203961605683,234,1,"s.Gorilla,s.Zebra","2591","565.242","7.521"
"2611_465.319_4.913","Connected","N/A","N/A",4.9125,4.9125,0,"N/A",0.0210706,44,82,44,465.319,1,465.319,0.0210706,2611,465.319,4.913,0.0210706,"Triterpenoids","Pellets-4","","no_matches","no_matches",87,"no_matches","no_matches",NA,"2611_465.319_4.913",0.898796345923729,4,0.00294,"s.Foregut,s.Hindgut",0.823556844000783,2,0.00298,"s.Herbivores",0.988535096681904,13,0.00319,"s.Cetartiodactyla,s.Perissodactyla",0.728272096722215,220,0.00319,"s.Goat,s.Sheep","2611","465.319","4.913"
"2618_130.122_0.69",NA,NA,NA,NA,NA,NA,NA,NA,NA,NA,NA,NA,NA,NA,NA,NA,NA,NA,NA,NA,NA,NA,NA,NA,NA,NA,NA,NA,"2618_130.122_0.69",0.744617650572799,7,NA,"s.Foregut,s.Hindgut,s.Simplegut",0.744617650572799,7,NA,"s.Carnivores,s.Herbivores,s.Omnivores",0.900916940248597,14,0.00319,"s.Cetartiodactyla,s.Primates",0.808422104777995,152,1,"s.Chimp,s.Gorilla","2618","130.122","0.69"
"2657_431.314_6.318",NA,NA,NA,NA,NA,NA,NA,NA,NA,NA,NA,NA,NA,NA,NA,NA,NA,NA,NA,NA,NA,NA,NA,NA,NA,NA,NA,NA,"2657_431.314_6.318",0.877289385187893,1,0.02646,"s.Foregut",0.886670325453058,1,0.00298,"s.Carnivores",0.891497384973103,22,0.00319,"s.Carnivora,s.Cetartiodactyla,s.Perissodactyla",0.576301249449826,298,1,"s.Sheep,s.Tiger","2657","431.314","6.318"
"275_595.346_4.13","Connected","Stercobilin","0.892946",4.1295,4.1295,0,"CCMSLIB00001059689",0.913621869,83,240,83,595.346,1,595.346,0.913621869,275,595.346,4.13,0.913621869,"Bile pigments",NA,NA,NA,NA,NA,NA,NA,NA,"275_595.346_4.13",0.88998831897997,7,NA,"s.Foregut,s.Hindgut,s.Simplegut",0.88998831897997,7,NA,"s.Carnivores,s.Herbivores,s.Omnivores",0.89833120964648,25,0.00638,"s.Cetartiodactyla,s.Perissodactyla,s.Primates",0.582015602247027,118,0.03509,"s.Cape_Hunting_dog,s.Hyena","275","595.346","4.13"
"276_295.095_3.891",NA,NA,NA,NA,NA,NA,NA,NA,NA,NA,NA,NA,NA,NA,NA,NA,NA,NA,NA,NA,NA,NA,NA,NA,NA,NA,NA,NA,"276_295.095_3.891",0.969333974482748,4,0.00294,"s.Foregut,s.Hindgut",0.942272842763315,2,0.00298,"s.Herbivores",0.951172909938506,19,0.00319,"s.Afrotheria,s.Cetartiodactyla,s.Perissodactyla",0.70687629187875,220,0.00319,"s.Goat,s.Sheep","276","295.095","3.891"
"277_433.329_7.715","Connected","N/A","N/A",7.7149,7.7149,0,"N/A",0.695360011,53,82,53,433.3294,1,433.3294,0.695360011,277,433.329,7.715,0.695360011,"Triterpenoids","Oat-straw-2","","no_matches","no_matches",87,"no_matches","no_matches",NA,"277_433.329_7.715",0.91622432689434,4,0.00294,"s.Foregut,s.Hindgut",0.886360488489485,2,0.00298,"s.Herbivores",0.99819719087516,13,0.00319,"s.Cetartiodactyla,s.Perissodactyla",0.83567858353744,220,0.00319,"s.Goat,s.Sheep","277","433.329","7.715"
"278_178.086_4.089",NA,NA,NA,NA,NA,NA,NA,NA,NA,NA,NA,NA,NA,NA,NA,NA,NA,NA,NA,NA,NA,NA,NA,NA,NA,NA,NA,NA,"278_178.086_4.089",0.677724764249755,2,1,"s.Hindgut",0.617213399848368,4,0.64368,"s.Carnivores,s.Herbivores",0.755267924270683,4,0.08613,"s.Perissodactyla",0.971130091431093,251,0.00319,"s.Israeli_Wolf,s.Rhino","278","178.086","4.089"
"280_313.106_3.913",NA,NA,NA,NA,NA,NA,NA,NA,NA,NA,NA,NA,NA,NA,NA,NA,NA,NA,NA,NA,NA,NA,NA,NA,NA,NA,NA,NA,"280_313.106_3.913",0.969849879230539,4,0.00294,"s.Foregut,s.Hindgut",0.923900659196413,2,0.00298,"s.Herbivores",0.951422203307175,19,0.00319,"s.Afrotheria,s.Cetartiodactyla,s.Perissodactyla",0.722415315122942,220,0.00319,"s.Goat,s.Sheep","280","313.106","3.913"
"281_353.098_3.901",NA,NA,NA,NA,NA,NA,NA,NA,NA,NA,NA,NA,NA,NA,NA,NA,NA,NA,NA,NA,NA,NA,NA,NA,NA,NA,NA,NA,"281_353.098_3.901",0.956664392254744,4,0.00294,"s.Foregut,s.Hindgut",0.898230583880432,6,0.00298,"s.Herbivores,s.Omnivores",0.933856066021083,19,0.00319,"s.Afrotheria,s.Cetartiodactyla,s.Perissodactyla",0.629793911426967,220,0.00319,"s.Goat,s.Sheep","281","353.098","3.901"
"282_432.236_6.239",NA,NA,NA,NA,NA,NA,NA,NA,NA,NA,NA,NA,NA,NA,NA,NA,NA,NA,NA,NA,NA,NA,NA,NA,NA,NA,NA,NA,"282_432.236_6.239",1,7,NA,"s.Foregut,s.Hindgut,s.Simplegut",1,7,NA,"s.Carnivores,s.Herbivores,s.Omnivores",0.861114332263646,16,0.00319,"s.Afrotheria,s.Carnivora,s.Cetartiodactyla",0.367250674931614,88,1,"s.Black_bear,s.Sheep","282","432.236","6.239"
"284_348.143_3.888",NA,NA,NA,NA,NA,NA,NA,NA,NA,NA,NA,NA,NA,NA,NA,NA,NA,NA,NA,NA,NA,NA,NA,NA,NA,NA,NA,NA,"284_348.143_3.888",0.909951108203487,4,0.00294,"s.Foregut,s.Hindgut",0.898230583880432,6,0.00298,"s.Herbivores,s.Omnivores",0.922178363455049,25,0.00319,"s.Cetartiodactyla,s.Perissodactyla,s.Primates",0.559176736916194,183,1,"s.Donkey,s.Gorilla","284","348.143","3.888"
"288_433.329_7.978","Connected","N/A","N/A",7.978,7.978,0,"N/A",0.312173897,43,82,43,433.3294,1,433.3294,0.312173897,288,433.329,7.978,0.312173897,"Triterpenoids","Oat-straw-6","","no_matches","no_matches",87,"no_matches","no_matches",NA,"288_433.329_7.978",0.925266590380026,1,0.00294,"s.Foregut",0.869945509980359,2,0.00298,"s.Herbivores",0.999467453743246,13,0.00319,"s.Cetartiodactyla,s.Perissodactyla",0.859823602017197,220,0.00319,"s.Goat,s.Sheep","288","433.329","7.978"
"289_349.127_2.727","Connected","N/A","N/A",2.7266,2.7266,0,"N/A",0.180041045,39,2367,39,349.127,1,349.127,0.180041045,289,349.127,2.727,0.180041045,"Flavonoids","FL 2 (m/z 349.127)","In silico NAP ID. ","no_matches","no_matches",8,"no_matches","no_matches",NA,"289_349.127_2.727",0.904534033733291,4,0.00294,"s.Foregut,s.Hindgut",0.848528137423857,2,0.00298,"s.Herbivores",1,13,0.00319,"s.Cetartiodactyla,s.Perissodactyla",0.818949197826994,220,0.00319,"s.Goat,s.Sheep","289","349.127","2.727"
"2962_315.194_4.505","Connected","NCGC00385372-01_C20H28O4_1-Phenanthrenecarboxylic_acid,_1,2,3,4,4a,9,10,10a-octahydro-9-hydroxy-7-(1-hydroxy-1-methylethyl)-1,4a-dimethyl-,_(1R,4aS,10aR)-","0.711649",4.5045,4.5045,0,"CCMSLIB00000849448",0.020404695,26,3685,26,315.194,1,315.194,0.020404695,2962,315.194,4.505,0.020404695,NA,NA,NA,NA,NA,NA,NA,NA,NA,"2962_315.194_4.505",0.533783921820256,3,1,"s.Simplegut",0.661072525443625,3,0.47084,"s.Omnivores",0.546672273590534,24,1,"s.Carnivora,s.Perissodactyla,s.Primates",0.979283961752262,175,0.00319,"s.Coati,s.Mandrill","2962","315.194","4.505"
"298_851.394_6.24",NA,NA,NA,NA,NA,NA,NA,NA,NA,NA,NA,NA,NA,NA,NA,NA,NA,NA,NA,NA,NA,NA,NA,NA,NA,NA,NA,NA,"298_851.394_6.24",1,7,NA,"s.Foregut,s.Hindgut,s.Simplegut",1,7,NA,"s.Carnivores,s.Herbivores,s.Omnivores",0.892296873209014,16,0.00319,"s.Afrotheria,s.Carnivora,s.Cetartiodactyla",0.395335609366272,88,1,"s.Black_bear,s.Sheep","298","851.394","6.24"
"2985_317.21_5.477",NA,NA,NA,NA,NA,NA,NA,NA,NA,NA,NA,NA,NA,NA,NA,NA,NA,NA,NA,NA,NA,NA,NA,NA,NA,NA,NA,NA,"2985_317.21_5.477",0.619673097292639,3,1,"s.Simplegut",0.686966325368717,3,0.08642,"s.Omnivores",0.62026583963839,12,1,"s.Carnivora,s.Primates",0.932889949792565,175,0.00319,"s.Coati,s.Mandrill","2985","317.21","5.477"
"2992_357.277_6.66","Connected","Spectral_Match_to_3.beta.-Hydroxy-5-cholenoic_acid_from_NIST14","0.862768",6.6603,6.6603,0,"CCMSLIB00003134721",1.727837073,71,1274,71,357.2772,1,357.2772,1.727837073,2992,357.277,6.66,1.727837073,"Bile acids","3b-Hydroxy-5-cholenoic acid 3","3.beta.-Hydroxy-5-cholenoic acid by GNPS ID.","Steroids_and_steroid_derivatives","Dihydroxy_bile_acids,_alcohols_and_derivatives",16,"Bile_acids,_alcohols_and_derivatives","Lipids_and_lipid-like_molecules","Spectral_Match_to_3.beta.-Hydroxy-5-cholenoic_acid_from_NIST14","2992_357.277_6.66",0.961557428539008,5,0.00294,"s.Foregut,s.Simplegut",0.929620968614,5,0.00298,"s.Carnivores,s.Omnivores",0.962496981263157,23,0.00319,"s.Carnivora,s.Cetartiodactyla,s.Primates",0.485127019405014,118,1,"s.Cape_Hunting_dog,s.Hyena","2992","357.277","6.66"
"2999_230.186_0.698",NA,NA,NA,NA,NA,NA,NA,NA,NA,NA,NA,NA,NA,NA,NA,NA,NA,NA,NA,NA,NA,NA,NA,NA,NA,NA,NA,NA,"2999_230.186_0.698",0.948694753251863,5,0.00294,"s.Foregut,s.Simplegut",0.953141724025371,5,0.00298,"s.Carnivores,s.Omnivores",0.952107275461458,23,0.00319,"s.Carnivora,s.Cetartiodactyla,s.Primates",0.611921317656652,113,1,"s.Cape_Hunting_dog,s.Coati","2999","230.186","0.698"
"300_433.329_7.385",NA,NA,NA,NA,NA,NA,NA,NA,NA,NA,NA,NA,NA,NA,NA,NA,NA,NA,NA,NA,NA,NA,NA,NA,NA,NA,NA,NA,"300_433.329_7.385",0.932855334131469,1,0.00294,"s.Foregut",0.889197805778323,4,0.00298,"s.Carnivores,s.Herbivores",0.986238285525324,13,0.00319,"s.Cetartiodactyla,s.Perissodactyla",0.817467575451202,220,0.00319,"s.Goat,s.Sheep","300","433.329","7.385"
"3009_311.293_7.649","Connected","Spectral_Match_to_14(Z)-Eicosenoic_acid_from_NIST14","0.760066",7.6488,7.6488,0,"CCMSLIB00003134660",0.025068499,24,5903,24,311.293,1,311.293,0.025068499,3009,311.293,7.649,0.025068499,"Unsat. LCFA","Unsat. LCFA 2","14(Z)-Eicosenoic acid.","Prenol_lipids","Diterpenoids",5,"Diterpenoids","Lipids_and_lipid-like_molecules","Spectral_Match_to_14(Z)-Eicosenoic_acid_from_NIST14","3009_311.293_7.649",0.64888568452305,3,1,"s.Simplegut",0.659821858323604,3,0.23542,"s.Omnivores",0.894427190999916,5,0.00638,"s.Primates",0.811288833274165,159,1,"s.Chimp,s.Mandrill","3009","311.293","7.649"
"3015_371.257_6.282",NA,NA,NA,NA,NA,NA,NA,NA,NA,NA,NA,NA,NA,NA,NA,NA,NA,NA,NA,NA,NA,NA,NA,NA,NA,NA,NA,NA,"3015_371.257_6.282",0.890870806374748,5,0.01764,"s.Foregut,s.Simplegut",0.895198124834245,1,0.00298,"s.Carnivores",0.890870806374748,23,0.00319,"s.Carnivora,s.Cetartiodactyla,s.Primates",0.62126059437496,242,1,"s.Hyena,s.Sand_cat","3015","371.257","6.282"
"3018_389.267_6.284",NA,NA,NA,NA,NA,NA,NA,NA,NA,NA,NA,NA,NA,NA,NA,NA,NA,NA,NA,NA,NA,NA,NA,NA,NA,NA,NA,NA,"3018_389.267_6.284",0.899616098815039,5,0.00588,"s.Foregut,s.Simplegut",0.894887647294964,1,0.00298,"s.Carnivores",0.899633637770136,23,0.00319,"s.Carnivora,s.Cetartiodactyla,s.Primates",0.614856210279763,242,1,"s.Hyena,s.Sand_cat","3018","389.267","6.284"
"304_447.309_7.242","Connected","N/A","N/A",7.2424,7.2424,0,"N/A",0.034250686,42,82,42,447.3089,1,447.3089,0.034250686,304,447.309,7.242,0.034250686,"Triterpenoids","Oat-straw-1","","no_matches","no_matches",87,"no_matches","no_matches",NA,"304_447.309_7.242",0.903477190795778,4,0.00882,"s.Foregut,s.Hindgut",0.841526388065012,2,0.00298,"s.Herbivores",0.997890228962205,13,0.00319,"s.Cetartiodactyla,s.Perissodactyla",0.790146261498463,218,0.0319,"s.Goat,s.Rhino","304","447.309","7.242"
"306_410.265_6.403",NA,NA,NA,NA,NA,NA,NA,NA,NA,NA,NA,NA,NA,NA,NA,NA,NA,NA,NA,NA,NA,NA,NA,NA,NA,NA,NA,NA,"306_410.265_6.403",0.858778317124531,2,0.00294,"s.Hindgut",0.86364142906029,6,0.00298,"s.Herbivores,s.Omnivores",0.962178137941221,21,0.00319,"s.Afrotheria,s.Perissodactyla,s.Primates",0.598907130772491,209,0.00319,"s.Gibbon,s.Zebra","306","410.265","6.403"
"3061_176.055_0.741",NA,NA,NA,NA,NA,NA,NA,NA,NA,NA,NA,NA,NA,NA,NA,NA,NA,NA,NA,NA,NA,NA,NA,NA,NA,NA,NA,NA,"3061_176.055_0.741",0.97094330297515,3,0.00294,"s.Simplegut",0.959893471770593,5,0.00298,"s.Carnivores,s.Omnivores",0.982694348195513,12,0.00319,"s.Carnivora,s.Primates",0.470872848334498,175,1,"s.Coati,s.Mandrill","3061","176.055","0.741"
"307_479.298_5.802","Connected","N/A","N/A",5.8021,5.8021,0,"N/A",0.0301824,36,82,36,479.2981,1,479.2981,0.0301824,307,479.298,5.802,0.0301824,"Triterpenoids","Unclassified-5","","no_matches","no_matches",87,"no_matches","no_matches",NA,"307_479.298_5.802",0.904534033733291,4,0.00294,"s.Foregut,s.Hindgut",0.848528137423857,2,0.00298,"s.Herbivores",1,13,0.00319,"s.Cetartiodactyla,s.Perissodactyla",0.816085050512355,218,0.00319,"s.Goat,s.Rhino","307","479.298","5.802"
"312_313.106_3.849",NA,NA,NA,NA,NA,NA,NA,NA,NA,NA,NA,NA,NA,NA,NA,NA,NA,NA,NA,NA,NA,NA,NA,NA,NA,NA,NA,NA,"312_313.106_3.849",0.982915182071777,4,0.00294,"s.Foregut,s.Hindgut",0.931581402442223,2,0.00298,"s.Herbivores",0.970657317846202,19,0.00319,"s.Afrotheria,s.Cetartiodactyla,s.Perissodactyla",0.819286526365508,220,0.02233,"s.Goat,s.Sheep","312","313.106","3.849"
"314_433.329_7.849","Connected","N/A","N/A",7.8485,7.8485,0,"N/A",0.111218696,45,82,45,433.3294,1,433.3294,0.111218696,314,433.329,7.849,0.111218696,"Triterpenoids","Oat-straw-4","","no_matches","no_matches",87,"no_matches","no_matches",NA,"314_433.329_7.849",0.965541203246078,1,0.00294,"s.Foregut",0.892608387577612,2,0.00298,"s.Herbivores",0.998989993378026,13,0.00319,"s.Cetartiodactyla,s.Perissodactyla",0.937440836852959,220,0.00319,"s.Goat,s.Sheep","314","433.329","7.849"
"316_463.303_5.956","Connected","N/A","N/A",5.9563,5.9563,0,"N/A",0.058014666,47,82,47,463.3033,1,463.3033,0.058014666,316,463.303,5.956,0.058014666,"Triterpenoids","Wheat-straw-6","","no_matches","no_matches",87,"no_matches","no_matches",NA,"316_463.303_5.956",0.925795948371996,1,0.00294,"s.Foregut",0.826331244574913,2,0.00596,"s.Herbivores",0.996950966195029,13,0.00319,"s.Cetartiodactyla,s.Perissodactyla",0.839671758799435,220,0.00319,"s.Goat,s.Sheep","316","463.303","5.956"
"317_331.116_2.726",NA,NA,NA,NA,NA,NA,NA,NA,NA,NA,NA,NA,NA,NA,NA,NA,NA,NA,NA,NA,NA,NA,NA,NA,NA,NA,NA,NA,"317_331.116_2.726",0.91930795357171,1,0.00294,"s.Foregut",0.848528137423857,2,0.00298,"s.Herbivores",1,13,0.00319,"s.Cetartiodactyla,s.Perissodactyla",0.843275416998651,220,0.00319,"s.Goat,s.Sheep","317","331.116","2.726"
"321_661.225_3.898",NA,NA,NA,NA,NA,NA,NA,NA,NA,NA,NA,NA,NA,NA,NA,NA,NA,NA,NA,NA,NA,NA,NA,NA,NA,NA,NA,NA,"321_661.225_3.898",0.962241414197137,4,0.00294,"s.Foregut,s.Hindgut",0.941583698335158,2,0.00298,"s.Herbivores",0.951540268971288,19,0.00319,"s.Afrotheria,s.Cetartiodactyla,s.Perissodactyla",0.779665668451394,299,0.00319,"s.Sheep,s.Zebra","321","661.225","3.898"
"3227_411.249_6.283",NA,NA,NA,NA,NA,NA,NA,NA,NA,NA,NA,NA,NA,NA,NA,NA,NA,NA,NA,NA,NA,NA,NA,NA,NA,NA,NA,NA,"3227_411.249_6.283",0.826159598709403,5,0.27048,"s.Foregut,s.Simplegut",0.911662720219846,1,0.00298,"s.Carnivores",0.826159598709403,23,0.0319,"s.Carnivora,s.Cetartiodactyla,s.Primates",0.643254524796034,242,1,"s.Hyena,s.Sand_cat","3227","411.249","6.283"
"323_267.1_3.901",NA,NA,NA,NA,NA,NA,NA,NA,NA,NA,NA,NA,NA,NA,NA,NA,NA,NA,NA,NA,NA,NA,NA,NA,NA,NA,NA,NA,"323_267.1_3.901",0.979850715095007,4,0.00294,"s.Foregut,s.Hindgut",0.945558882812292,2,0.00298,"s.Herbivores",0.966022064183831,19,0.00319,"s.Afrotheria,s.Cetartiodactyla,s.Perissodactyla",0.795509468546876,220,0.00319,"s.Goat,s.Sheep","323","267.1","3.901"
"3234_337.251_6.191",NA,NA,NA,NA,NA,NA,NA,NA,NA,NA,NA,NA,NA,NA,NA,NA,NA,NA,NA,NA,NA,NA,NA,NA,NA,NA,NA,NA,"3234_337.251_6.191",0.872871560943969,5,0.04704,"s.Foregut,s.Simplegut",0.938471406242455,1,0.00298,"s.Carnivores",0.872871560943969,23,0.00319,"s.Carnivora,s.Cetartiodactyla,s.Primates",0.617975975025889,244,1,"s.Hyena,s.Tiger","3234","337.251","6.191"
"3247_803.539_6.191",NA,NA,NA,NA,NA,NA,NA,NA,NA,NA,NA,NA,NA,NA,NA,NA,NA,NA,NA,NA,NA,NA,NA,NA,NA,NA,NA,NA,"3247_803.539_6.191",0.872871560943969,5,0.00294,"s.Foregut,s.Simplegut",0.911544576438473,1,0.00298,"s.Carnivores",0.872871560943969,23,0.00319,"s.Carnivora,s.Cetartiodactyla,s.Primates",0.545977325875033,244,1,"s.Hyena,s.Tiger","3247","803.539","6.191"
"327_231.158_5.111","Connected","Spectral_Match_to_Dodecanedioic_acid_from_NIST14","0.952515",5.111,5.111,0,"CCMSLIB00003138017",0.050646516,80,1566,80,231.1582,1,231.1582,0.050646516,327,231.158,5.111,0.050646516,"Unsat. LCFA",NA,NA,NA,NA,NA,NA,NA,NA,"327_231.158_5.111",0.948759303878635,4,0.00294,"s.Foregut,s.Hindgut",0.893007281481799,4,0.00596,"s.Carnivores,s.Herbivores",0.920944717737025,19,0.00319,"s.Afrotheria,s.Cetartiodactyla,s.Perissodactyla",0.582111027201968,193,0.00319,"s.Donkey,s.Sheep","327","231.158","5.111"
"332_389.119_2.726",NA,NA,NA,NA,NA,NA,NA,NA,NA,NA,NA,NA,NA,NA,NA,NA,NA,NA,NA,NA,NA,NA,NA,NA,NA,NA,NA,NA,"332_389.119_2.726",0.904534033733291,4,0.00294,"s.Foregut,s.Hindgut",0.848528137423857,2,0.00298,"s.Herbivores",1,13,0.00319,"s.Cetartiodactyla,s.Perissodactyla",0.78719703947569,220,0.00319,"s.Goat,s.Sheep","332","389.119","2.726"
"3329_325.251_6.284",NA,NA,NA,NA,NA,NA,NA,NA,NA,NA,NA,NA,NA,NA,NA,NA,NA,NA,NA,NA,NA,NA,NA,NA,NA,NA,NA,NA,"3329_325.251_6.284",0.796819072889596,5,0.88494,"s.Foregut,s.Simplegut",0.892545049365816,1,0.00298,"s.Carnivores",0.796819072889596,23,0.18502,"s.Carnivora,s.Cetartiodactyla,s.Primates",0.68142648485005,242,1,"s.Hyena,s.Sand_cat","3329","325.251","6.284"
"3403_353.246_6.281",NA,NA,NA,NA,NA,NA,NA,NA,NA,NA,NA,NA,NA,NA,NA,NA,NA,NA,NA,NA,NA,NA,NA,NA,NA,NA,NA,NA,"3403_353.246_6.281",0.786795792469443,5,1,"s.Foregut,s.Simplegut",0.934060269223464,1,0.00298,"s.Carnivores",0.786795792469443,23,0.21373,"s.Carnivora,s.Cetartiodactyla,s.Primates",0.680109371801852,242,1,"s.Hyena,s.Sand_cat","3403","353.246","6.281"
"341_447.309_7.748","Connected","N/A","N/A",7.7477,7.7477,0,"N/A",0.033590403,39,82,39,447.309,1,447.309,0.033590403,341,447.309,7.748,0.033590403,"Triterpenoids","Oat-straw-3","","no_matches","no_matches",87,"no_matches","no_matches",NA,"341_447.309_7.748",0.909188571395275,1,0.00588,"s.Foregut",0.797287773044721,2,0.00298,"s.Herbivores",0.980809712633049,13,0.00319,"s.Cetartiodactyla,s.Perissodactyla",0.822294151634711,220,0.00638,"s.Goat,s.Sheep","341","447.309","7.748"
"3451_408.309_6.189",NA,NA,NA,NA,NA,NA,NA,NA,NA,NA,NA,NA,NA,NA,NA,NA,NA,NA,NA,NA,NA,NA,NA,NA,NA,NA,NA,NA,"3451_408.309_6.189",0.854493259282208,5,0.05586,"s.Foregut,s.Simplegut",0.936292853620266,1,0.00298,"s.Carnivores",0.854493259282208,23,0.00319,"s.Carnivora,s.Cetartiodactyla,s.Primates",0.580292919829958,244,1,"s.Hyena,s.Tiger","3451","408.309","6.189"
"3453_406.293_6.284",NA,NA,NA,NA,NA,NA,NA,NA,NA,NA,NA,NA,NA,NA,NA,NA,NA,NA,NA,NA,NA,NA,NA,NA,NA,NA,NA,NA,"3453_406.293_6.284",0.755928946018454,5,1,"s.Foregut,s.Simplegut",0.922748041120652,1,0.00298,"s.Carnivores",0.755928946018454,23,1,"s.Carnivora,s.Cetartiodactyla,s.Primates",0.805522714770825,242,1,"s.Hyena,s.Sand_cat","3453","406.293","6.284"
"346_331.116_3.895",NA,NA,NA,NA,NA,NA,NA,NA,NA,NA,NA,NA,NA,NA,NA,NA,NA,NA,NA,NA,NA,NA,NA,NA,NA,NA,NA,NA,"346_331.116_3.895",0.964588038096742,4,0.00294,"s.Foregut,s.Hindgut",0.923449500278013,2,0.00298,"s.Herbivores",0.942834076850636,19,0.00319,"s.Afrotheria,s.Cetartiodactyla,s.Perissodactyla",0.66056654903733,232,1,"s.Gorilla,s.Sheep","346","331.116","3.895"
"347_431.314_8.3","Connected","N/A","N/A",8.3004,8.3004,0,"N/A",0.094257966,40,82,40,431.3138,1,431.3138,0.094257966,347,431.314,8.3,0.094257966,"Triterpenoids","Oat-straw-9","","no_matches","no_matches",87,"no_matches","no_matches",NA,"347_431.314_8.3",0.96680272429189,1,0.00294,"s.Foregut",0.860232526704263,2,0.00298,"s.Herbivores",0.999780446407289,13,0.00319,"s.Cetartiodactyla,s.Perissodactyla",0.928195204540357,220,0.00319,"s.Goat,s.Sheep","347","431.314","8.3"
"348_433.329_7.213",NA,NA,NA,NA,NA,NA,NA,NA,NA,NA,NA,NA,NA,NA,NA,NA,NA,NA,NA,NA,NA,NA,NA,NA,NA,NA,NA,NA,"348_433.329_7.213",0.952678601953289,1,0.00294,"s.Foregut",0.87677791888696,4,0.00596,"s.Carnivores,s.Herbivores",0.96989406209855,13,0.00319,"s.Cetartiodactyla,s.Perissodactyla",0.817499517195383,220,0.22011,"s.Goat,s.Sheep","348","433.329","7.213"
"349_465.319_4.619","Connected","N/A","N/A",4.6193,4.6193,0,"N/A",0.042478152,43,82,43,465.319,1,465.319,0.042478152,349,465.319,4.619,0.042478152,"Triterpenoids","Pellets-3","","no_matches","no_matches",87,"no_matches","no_matches",NA,"349_465.319_4.619",0.897529142567682,4,0.00294,"s.Foregut,s.Hindgut",0.837827311639304,2,0.00298,"s.Herbivores",0.987334944044302,13,0.00319,"s.Cetartiodactyla,s.Perissodactyla",0.764416324367011,195,0.00319,"s.Donkey,s.Zebra","349","465.319","4.619"
"352_463.303_6.12","Connected","N/A","N/A",6.1199,6.1199,0,"N/A",0.045411979,40,82,40,463.3033,1,463.3033,0.045411979,352,463.303,6.12,0.045411979,"Triterpenoids","Wheat-straw-8","","no_matches","no_matches",87,"no_matches","no_matches",NA,"352_463.303_6.12",0.90418541785479,4,0.00294,"s.Foregut,s.Hindgut",0.84505256517735,2,0.00298,"s.Herbivores",0.999274517431865,13,0.00319,"s.Cetartiodactyla,s.Perissodactyla",0.764263852002059,182,0.00319,"s.Donkey,s.Goat","352","463.303","6.12"
"367_119.085_6.238",NA,NA,NA,NA,NA,NA,NA,NA,NA,NA,NA,NA,NA,NA,NA,NA,NA,NA,NA,NA,NA,NA,NA,NA,NA,NA,NA,NA,"367_119.085_6.238",1,7,NA,"s.Foregut,s.Hindgut,s.Simplegut",1,7,NA,"s.Carnivores,s.Herbivores,s.Omnivores",0.895522331193226,16,0.00319,"s.Afrotheria,s.Carnivora,s.Cetartiodactyla",0.400995447922962,220,1,"s.Goat,s.Sheep","367","119.085","6.238"
"3674_359.293_7.664","Connected","lithocholic_acid","0.935749",7.6641,7.6641,0,"CCMSLIB00005435551",0.062235839,57,5765,57,359.2929,1,359.2929,0.062235839,3674,359.293,7.664,0.062235839,"Bile acids","Lithocholic acid 1",NA,NA,NA,NA,NA,NA,NA,"3674_359.293_7.664",0.920231856876331,5,0.00294,"s.Foregut,s.Simplegut",0.922088761217379,1,0.00298,"s.Carnivores",0.922119116651429,23,0.00319,"s.Carnivora,s.Cetartiodactyla,s.Primates",0.594959166024072,118,1,"s.Cape_Hunting_dog,s.Hyena","3674","359.293","7.664"
"3676_218.102_1.924",NA,NA,NA,NA,NA,NA,NA,NA,NA,NA,NA,NA,NA,NA,NA,NA,NA,NA,NA,NA,NA,NA,NA,NA,NA,NA,NA,NA,"3676_218.102_1.924",0.64888568452305,3,1,"s.Simplegut",0.561854591555807,5,1,"s.Carnivores,s.Omnivores",0.829465567063515,5,0.01914,"s.Primates",0.664253115351557,198,1,"s.Gibbon,s.Hyena","3676","218.102","1.924"
"3679_415.21_5.956",NA,NA,NA,NA,NA,NA,NA,NA,NA,NA,NA,NA,NA,NA,NA,NA,NA,NA,NA,NA,NA,NA,NA,NA,NA,NA,NA,NA,"3679_415.21_5.956",1,7,NA,"s.Foregut,s.Hindgut,s.Simplegut",1,7,NA,"s.Carnivores,s.Herbivores,s.Omnivores",0.899183191812939,16,0.00957,"s.Afrotheria,s.Carnivora,s.Cetartiodactyla",0.435850575147458,220,1,"s.Goat,s.Sheep","3679","415.21","5.956"
"3682_454.291_6.192",NA,NA,NA,NA,NA,NA,NA,NA,NA,NA,NA,NA,NA,NA,NA,NA,NA,NA,NA,NA,NA,NA,NA,NA,NA,NA,NA,NA,"3682_454.291_6.192",0.872871560943969,5,0.00294,"s.Foregut,s.Simplegut",0.9017010175641,1,0.00298,"s.Carnivores",0.872871560943969,23,0.00319,"s.Carnivora,s.Cetartiodactyla,s.Primates",0.557177986842669,244,1,"s.Hyena,s.Tiger","3682","454.291","6.192"
"3685_481.278_4.371","Connected","N/A","N/A",4.3713,4.3713,0,"N/A",0.153054392,26,568,26,481.2775,1,481.2775,0.153054392,3685,481.278,4.371,0.153054392,"Peptides","Cyc. Peptide 6","Cyclic peptides based on NAP/MolNetEnhancer","no_matches","no_matches",34,"no_matches","no_matches",NA,"3685_481.278_4.371",0.67538163350597,3,1,"s.Simplegut",0.532144360749226,6,1,"s.Herbivores,s.Omnivores",0.912386624968391,5,0.00319,"s.Primates",0.925379010062382,152,0.00319,"s.Chimp,s.Gorilla","3685","481.278","4.371"
"3687_798.584_6.189",NA,NA,NA,NA,NA,NA,NA,NA,NA,NA,NA,NA,NA,NA,NA,NA,NA,NA,NA,NA,NA,NA,NA,NA,NA,NA,NA,NA,"3687_798.584_6.189",0.845154254728517,5,0.10878,"s.Foregut,s.Simplegut",0.947929675774575,1,0.00298,"s.Carnivores",0.845154254728517,23,0.00319,"s.Carnivora,s.Cetartiodactyla,s.Primates",0.569939074598938,244,1,"s.Hyena,s.Tiger","3687","798.584","6.189"
"3717_781.557_6.19",NA,NA,NA,NA,NA,NA,NA,NA,NA,NA,NA,NA,NA,NA,NA,NA,NA,NA,NA,NA,NA,NA,NA,NA,NA,NA,NA,NA,"3717_781.557_6.19",0.806717826004639,5,0.5586,"s.Foregut,s.Simplegut",0.977373406610838,1,0.00298,"s.Carnivores",0.806717826004639,23,0.08932,"s.Carnivora,s.Cetartiodactyla,s.Primates",0.616282860552166,244,1,"s.Hyena,s.Tiger","3717","781.557","6.19"
"372_415.319_8.194","Connected","N/A","N/A",8.1944,8.1944,0,"N/A",0.05326275,43,82,43,415.3188,1,415.3188,0.05326275,372,415.319,8.194,0.05326275,"Triterpenoids","Oat-straw-7","","no_matches","no_matches",87,"no_matches","no_matches",NA,"372_415.319_8.194",0.9548225460319,1,0.00294,"s.Foregut",0.841996515249841,2,0.00298,"s.Herbivores",0.998312647862438,13,0.00319,"s.Cetartiodactyla,s.Perissodactyla",0.929639917103789,220,0.00319,"s.Goat,s.Sheep","372","415.319","8.194"
"3751_503.259_4.369",NA,NA,NA,NA,NA,NA,NA,NA,NA,NA,NA,NA,NA,NA,NA,NA,NA,NA,NA,NA,NA,NA,NA,NA,NA,NA,NA,NA,"3751_503.259_4.369",0.635223403166024,3,1,"s.Simplegut",0.511237358145545,6,1,"s.Herbivores,s.Omnivores",0.875595035770913,5,0.00957,"s.Primates",0.912441766292818,152,0.00319,"s.Chimp,s.Gorilla","3751","503.259","4.369"
"3757_327.267_5.864",NA,NA,NA,NA,NA,NA,NA,NA,NA,NA,NA,NA,NA,NA,NA,NA,NA,NA,NA,NA,NA,NA,NA,NA,NA,NA,NA,NA,"3757_327.267_5.864",0.845154254728517,5,0.22344,"s.Foregut,s.Simplegut",0.962369549716063,1,0.00298,"s.Carnivores",0.845154254728517,23,0.02871,"s.Carnivora,s.Cetartiodactyla,s.Primates",0.624120380198198,236,1,"s.Hyena,s.Jungle_cat","3757","327.267","5.864"
"3769_399.324_7.929",NA,NA,NA,NA,NA,NA,NA,NA,NA,NA,NA,NA,NA,NA,NA,NA,NA,NA,NA,NA,NA,NA,NA,NA,NA,NA,NA,NA,"3769_399.324_7.929",0.743600265282497,5,1,"s.Foregut,s.Simplegut",0.966296490079572,1,0.00298,"s.Carnivores",0.754353957079151,23,1,"s.Carnivora,s.Cetartiodactyla,s.Primates",0.720892050901411,128,1,"s.Cape_Hunting_dog,s.Tiger","3769","399.324","7.929"
"378_367.137_2.726",NA,NA,NA,NA,NA,NA,NA,NA,NA,NA,NA,NA,NA,NA,NA,NA,NA,NA,NA,NA,NA,NA,NA,NA,NA,NA,NA,NA,"378_367.137_2.726",0.926093809100946,1,0.00294,"s.Foregut",0.848528137423857,2,0.00298,"s.Herbivores",1,13,0.00319,"s.Cetartiodactyla,s.Perissodactyla",0.852922969648398,220,0.00319,"s.Goat,s.Sheep","378","367.137","2.726"
"379_431.314_7.856","Connected","N/A","N/A",7.8563,7.8563,0,"N/A",0.044123919,46,82,46,431.3138,1,431.3138,0.044123919,379,431.314,7.856,0.044123919,"Triterpenoids","Oat-straw-5","","no_matches","no_matches",87,"no_matches","no_matches",NA,"379_431.314_7.856",0.931638427487865,1,0.00294,"s.Foregut",0.838855810803531,2,0.00298,"s.Herbivores",0.993727536547787,13,0.00319,"s.Cetartiodactyla,s.Perissodactyla",0.822764015262573,220,1,"s.Goat,s.Sheep","379","431.314","7.856"
"3794_799.508_6.284",NA,NA,NA,NA,NA,NA,NA,NA,NA,NA,NA,NA,NA,NA,NA,NA,NA,NA,NA,NA,NA,NA,NA,NA,NA,NA,NA,NA,"3794_799.508_6.284",0.701472374412202,5,1,"s.Foregut,s.Simplegut",0.818451111014793,1,0.00298,"s.Carnivores",0.701472374412202,23,1,"s.Carnivora,s.Cetartiodactyla,s.Primates",0.688235109005767,242,1,"s.Hyena,s.Sand_cat","3794","799.508","6.284"
"3846_375.288_5.828","Connected","deoxycholic_acid","0.867982",5.8282,5.8282,0,"CCMSLIB00005435507",0.03032711,50,1274,50,375.2878,1,375.2878,0.03032711,3846,375.288,5.828,0.03032711,"Bile acids","Deoxycholic acid 1",NA,NA,NA,NA,NA,NA,NA,"3846_375.288_5.828",0.881204081370895,5,0.15582,"s.Foregut,s.Simplegut",0.968174092652483,1,0.00298,"s.Carnivores",0.913096051561747,10,0.00319,"s.Carnivora,s.Cetartiodactyla",0.681196654450051,263,1,"s.Jungle_cat,s.Tiger","3846","375.288","5.828"
"3864_781.557_6.691",NA,NA,NA,NA,NA,NA,NA,NA,NA,NA,NA,NA,NA,NA,NA,NA,NA,NA,NA,NA,NA,NA,NA,NA,NA,NA,NA,NA,"3864_781.557_6.691",0.656786380277533,3,1,"s.Simplegut",0.992637454476318,1,0.00298,"s.Carnivores",0.728118403216626,2,0.43384,"s.Carnivora",0.657512492491615,242,1,"s.Hyena,s.Sand_cat","3864","781.557","6.691"
"389_846.438_6.239",NA,NA,NA,NA,NA,NA,NA,NA,NA,NA,NA,NA,NA,NA,NA,NA,NA,NA,NA,NA,NA,NA,NA,NA,NA,NA,NA,NA,"389_846.438_6.239",1,7,NA,"s.Foregut,s.Hindgut,s.Simplegut",1,7,NA,"s.Carnivores,s.Herbivores,s.Omnivores",0.930055449503415,16,0.00319,"s.Afrotheria,s.Carnivora,s.Cetartiodactyla",0.438659180055107,220,1,"s.Goat,s.Sheep","389","846.438","6.239"
"391_477.152_3.917",NA,NA,NA,NA,NA,NA,NA,NA,NA,NA,NA,NA,NA,NA,NA,NA,NA,NA,NA,NA,NA,NA,NA,NA,NA,NA,NA,NA,"391_477.152_3.917",0.977008420918394,4,0.00294,"s.Foregut,s.Hindgut",0.916515138991168,2,0.00298,"s.Herbivores",0.977008420918394,19,0.00319,"s.Afrotheria,s.Cetartiodactyla,s.Perissodactyla",0.884889228898259,220,0.00319,"s.Goat,s.Sheep","391","477.152","3.917"
"392_465.319_4.994",NA,NA,NA,NA,NA,NA,NA,NA,NA,NA,NA,NA,NA,NA,NA,NA,NA,NA,NA,NA,NA,NA,NA,NA,NA,NA,NA,NA,"392_465.319_4.994",0.902992316480103,4,0.00294,"s.Foregut,s.Hindgut",0.835422129237835,2,0.00298,"s.Herbivores",0.996870845741422,13,0.00319,"s.Cetartiodactyla,s.Perissodactyla",0.780679195158312,195,0.00319,"s.Donkey,s.Zebra","392","465.319","4.994"
"3947_399.324_7.694","Connected","N/A","N/A",7.6936,7.6936,0,"N/A",0.005464386,25,2549,25,399.3241,1,399.3241,0.005464386,3947,399.324,7.694,0.005464386,"Bile acids","26-oxocholest-4-en-3-one 1","3-ketocholest-4-en-26-al based on in silico, high confidence, and manual examination of MS2. ","no_matches","no_matches",5,"no_matches","no_matches",NA,"3947_399.324_7.694",0.598730715263708,3,1,"s.Simplegut",0.929935400506495,1,0.00298,"s.Carnivores",0.720709771194573,2,0.68266,"s.Carnivora",0.815553093973228,278,1,"s.Leopard,s.Tiger","3947","399.324","7.694"
"3963_323.159_3.396",NA,NA,NA,NA,NA,NA,NA,NA,NA,NA,NA,NA,NA,NA,NA,NA,NA,NA,NA,NA,NA,NA,NA,NA,NA,NA,NA,NA,"3963_323.159_3.396",0.882831134067443,5,0.27342,"s.Foregut,s.Simplegut",0.922774151469597,1,0.00298,"s.Carnivores",0.915202669399564,10,0.00957,"s.Carnivora,s.Cetartiodactyla",0.695908379594948,278,1,"s.Leopard,s.Tiger","3963","323.159","3.396"
"3964_431.314_6.578",NA,NA,NA,NA,NA,NA,NA,NA,NA,NA,NA,NA,NA,NA,NA,NA,NA,NA,NA,NA,NA,NA,NA,NA,NA,NA,NA,NA,"3964_431.314_6.578",0.960422813378662,1,0.00294,"s.Foregut",0.64028076737642,1,0.7003,"s.Carnivores",0.927976494252783,3,0.00319,"s.Cetartiodactyla",0.808465318495135,213,1,"s.Goat,s.Jungle_cat","3964","431.314","6.578"
"403_495.163_3.917",NA,NA,NA,NA,NA,NA,NA,NA,NA,NA,NA,NA,NA,NA,NA,NA,NA,NA,NA,NA,NA,NA,NA,NA,NA,NA,NA,NA,"403_495.163_3.917",0.977008420918394,4,0.00294,"s.Foregut,s.Hindgut",0.916515138991168,2,0.00298,"s.Herbivores",0.977008420918394,19,0.00319,"s.Afrotheria,s.Cetartiodactyla,s.Perissodactyla",0.870360756159942,220,0.00319,"s.Goat,s.Sheep","403","495.163","3.917"
"415_463.303_6.203","Connected","N/A","N/A",6.203,6.203,0,"N/A",0.026650624,38,82,38,463.3033,1,463.3033,0.026650624,415,463.303,6.203,0.026650624,"Triterpenoids","Wheat-straw-9","","no_matches","no_matches",87,"no_matches","no_matches",NA,"415_463.303_6.203",0.944228617646684,1,0.00294,"s.Foregut",0.848528137423857,2,0.00298,"s.Herbivores",1,13,0.00319,"s.Cetartiodactyla,s.Perissodactyla",0.918415084221996,220,0.00319,"s.Goat,s.Sheep","415","463.303","6.203"
"426_479.298_4.969",NA,NA,NA,NA,NA,NA,NA,NA,NA,NA,NA,NA,NA,NA,NA,NA,NA,NA,NA,NA,NA,NA,NA,NA,NA,NA,NA,NA,"426_479.298_4.969",0.903336413108009,4,0.00294,"s.Foregut,s.Hindgut",0.845039355855369,2,0.00298,"s.Herbivores",0.997816116227091,13,0.00319,"s.Cetartiodactyla,s.Perissodactyla",0.77509235490268,222,0.00319,"s.Goat,s.Zebra","426","479.298","4.969"
"428_463.303_6.693",NA,NA,NA,NA,NA,NA,NA,NA,NA,NA,NA,NA,NA,NA,NA,NA,NA,NA,NA,NA,NA,NA,NA,NA,NA,NA,NA,NA,"428_463.303_6.693",0.859406732953375,4,0.0441,"s.Foregut,s.Hindgut",0.79581395667138,2,0.00298,"s.Herbivores",0.938880597652629,13,0.00319,"s.Cetartiodactyla,s.Perissodactyla",0.861940585935225,294,0.00319,"s.Rhino,s.Zebra","428","463.303","6.693"
"432_415.319_7.719",NA,NA,NA,NA,NA,NA,NA,NA,NA,NA,NA,NA,NA,NA,NA,NA,NA,NA,NA,NA,NA,NA,NA,NA,NA,NA,NA,NA,"432_415.319_7.719",0.946002150374766,1,0.00588,"s.Foregut",0.824756976383402,4,0.00894,"s.Carnivores,s.Herbivores",0.991825047264306,13,0.00319,"s.Cetartiodactyla,s.Perissodactyla",0.876313918075497,220,0.00319,"s.Goat,s.Sheep","432","415.319","7.719"
"437_424.28_6.688",NA,NA,NA,NA,NA,NA,NA,NA,NA,NA,NA,NA,NA,NA,NA,NA,NA,NA,NA,NA,NA,NA,NA,NA,NA,NA,NA,NA,"437_424.28_6.688",0.817410762214801,2,0.7497,"s.Hindgut",0.852802865422442,6,0.00298,"s.Herbivores,s.Omnivores",0.960869077189203,21,0.00319,"s.Afrotheria,s.Perissodactyla,s.Primates",0.697559309132227,160,0.52635,"s.Chimp,s.Rhino","437","424.28","6.688"
"438_313.106_2.727",NA,NA,NA,NA,NA,NA,NA,NA,NA,NA,NA,NA,NA,NA,NA,NA,NA,NA,NA,NA,NA,NA,NA,NA,NA,NA,NA,NA,"438_313.106_2.727",0.926519329664299,1,0.00294,"s.Foregut",0.848528137423857,2,0.00298,"s.Herbivores",1,13,0.00319,"s.Cetartiodactyla,s.Perissodactyla",0.855765480461464,220,0.00319,"s.Goat,s.Sheep","438","313.106","2.727"
"439_313.106_4.908","Connected","N/A","N/A",4.9076,4.9076,0,"N/A",0.015063905,42,926,42,313.1057,1,313.1057,0.015063905,439,313.106,4.908,0.015063905,"Flavonoids","FL 3 (m/z 313.106)","O-methylated flavonoid based on NAP.","Flavonoids","8-O-methylated_flavonoids",10,"O-methylated_flavonoids","Phenylpropanoids_and_polyketides",NA,"439_313.106_4.908",0.941515769514276,1,0.00294,"s.Foregut",0.883176086632785,2,0.00298,"s.Herbivores",0.973993716060114,13,0.00319,"s.Cetartiodactyla,s.Perissodactyla",0.917172984741317,220,0.00319,"s.Goat,s.Sheep","439","313.106","4.908"
"446_347.122_3.504",NA,NA,NA,NA,NA,NA,NA,NA,NA,NA,NA,NA,NA,NA,NA,NA,NA,NA,NA,NA,NA,NA,NA,NA,NA,NA,NA,NA,"446_347.122_3.504",0.969326570646697,4,0.00294,"s.Foregut,s.Hindgut",0.920209879756716,2,0.00298,"s.Herbivores",0.951964948360768,19,0.00319,"s.Afrotheria,s.Cetartiodactyla,s.Perissodactyla",0.7116816480009,220,0.00319,"s.Goat,s.Sheep","446","347.122","3.504"
"448_463.303_5.746","Connected","N/A","N/A",5.7461,5.7461,0,"N/A",0.019718255,40,82,40,463.3034,1,463.3034,0.019718255,448,463.303,5.746,0.019718255,"Triterpenoids","Pellets-8","","no_matches","no_matches",87,"no_matches","no_matches",NA,"448_463.303_5.746",0.903602536967033,4,0.00294,"s.Foregut,s.Hindgut",0.832934799958128,2,0.00298,"s.Herbivores",0.997932157579749,13,0.00319,"s.Cetartiodactyla,s.Perissodactyla",0.803738718340493,220,0.00319,"s.Goat,s.Sheep","448","463.303","5.746"
"452_463.303_6.765",NA,NA,NA,NA,NA,NA,NA,NA,NA,NA,NA,NA,NA,NA,NA,NA,NA,NA,NA,NA,NA,NA,NA,NA,NA,NA,NA,NA,"452_463.303_6.765",0.904135360628846,4,0.00294,"s.Foregut,s.Hindgut",0.846717572315069,2,0.00298,"s.Herbivores",0.999224114373229,13,0.00319,"s.Cetartiodactyla,s.Perissodactyla",0.793042390622184,220,0.00319,"s.Goat,s.Sheep","452","463.303","6.765"
"485_449.324_6.966","Connected","N/A","N/A",6.9661,6.9661,0,"N/A",0.022332218,48,82,48,449.3244,1,449.3244,0.022332218,485,449.324,6.966,0.022332218,"Triterpenoids","Pellets-12","","no_matches","no_matches",87,"no_matches","no_matches",NA,"485_449.324_6.966",0.920738006400114,1,0.00294,"s.Foregut",0.793784343054406,4,0.01192,"s.Carnivores,s.Herbivores",0.982805433290444,13,0.00319,"s.Cetartiodactyla,s.Perissodactyla",0.841231966364618,220,0.00319,"s.Goat,s.Sheep","485","449.324","6.966"
"500_225.073_3.223",NA,NA,NA,NA,NA,NA,NA,NA,NA,NA,NA,NA,NA,NA,NA,NA,NA,NA,NA,NA,NA,NA,NA,NA,NA,NA,NA,NA,"500_225.073_3.223",0.89947491584077,4,0.00294,"s.Foregut,s.Hindgut",0.892721735517927,2,0.00298,"s.Herbivores",0.990612155353839,13,0.00319,"s.Cetartiodactyla,s.Perissodactyla",0.768911244826279,195,0.00319,"s.Donkey,s.Zebra","500","225.073","3.223"
"515_190.049_4.082",NA,NA,NA,NA,NA,NA,NA,NA,NA,NA,NA,NA,NA,NA,NA,NA,NA,NA,NA,NA,NA,NA,NA,NA,NA,NA,NA,NA,"515_190.049_4.082",0.904159548002496,2,0.00294,"s.Hindgut",0.874545269381388,4,0.0149,"s.Carnivores,s.Herbivores",0.915216131388859,21,0.00319,"s.Afrotheria,s.Perissodactyla,s.Primates",0.599121565629912,245,1,"s.Hyena,s.Zebra","515","190.049","4.082"
"522_449.324_6.032",NA,NA,NA,NA,NA,NA,NA,NA,NA,NA,NA,NA,NA,NA,NA,NA,NA,NA,NA,NA,NA,NA,NA,NA,NA,NA,NA,NA,"522_449.324_6.032",0.959456304459468,1,0.00294,"s.Foregut",0.843728732225468,4,0.00894,"s.Carnivores,s.Herbivores",0.984284473603711,13,0.00319,"s.Cetartiodactyla,s.Perissodactyla",0.875802969042288,220,0.00319,"s.Goat,s.Sheep","522","449.324","6.032"
"524_415.319_6.946",NA,NA,NA,NA,NA,NA,NA,NA,NA,NA,NA,NA,NA,NA,NA,NA,NA,NA,NA,NA,NA,NA,NA,NA,NA,NA,NA,NA,"524_415.319_6.946",0.917987685624661,1,0.00588,"s.Foregut",0.851541538586938,4,0.00298,"s.Carnivores,s.Herbivores",0.930418448100512,13,0.00319,"s.Cetartiodactyla,s.Perissodactyla",0.741041450329056,213,1,"s.Goat,s.Jungle_cat","524","415.319","6.946"
"556_429.298_7.739",NA,NA,NA,NA,NA,NA,NA,NA,NA,NA,NA,NA,NA,NA,NA,NA,NA,NA,NA,NA,NA,NA,NA,NA,NA,NA,NA,NA,"556_429.298_7.739",0.918762077321933,1,0.00294,"s.Foregut",0.836982136700121,2,0.00298,"s.Herbivores",0.998596299965468,13,0.00319,"s.Cetartiodactyla,s.Perissodactyla",0.867036271859009,220,0.00319,"s.Goat,s.Sheep","556","429.298","7.739"
"558_463.303_6.035","Connected","N/A","N/A",6.0349,6.0349,0,"N/A",0.034450175,45,82,45,463.3033,1,463.3033,0.034450175,558,463.303,6.035,0.034450175,"Triterpenoids","Wheat-straw-7","","no_matches","no_matches",87,"no_matches","no_matches",NA,"558_463.303_6.035",0.902235157314124,4,0.00294,"s.Foregut,s.Hindgut",0.823377991963476,2,0.00298,"s.Herbivores",0.995158780492991,13,0.00319,"s.Cetartiodactyla,s.Perissodactyla",0.725989577675227,182,0.49126,"s.Donkey,s.Goat","558","463.303","6.035"
"5764_817.578_5.649","Singleton","Spectral_Match_to_Cholic_acid_from_NIST14","0.815981",5.6488,5.6488,0,"CCMSLIB00003139898",0.138080012,30,-1,30,817.5782,1,817.5782,0.138080012,5764,817.578,5.649,0.138080012,"Bile acids","Cholic acid 3",NA,NA,NA,NA,NA,NA,NA,"5764_817.578_5.649",0.690065559342354,5,1,"s.Foregut,s.Simplegut",0.825892864356706,1,0.00298,"s.Carnivores",0.965082888554502,2,0.00319,"s.Carnivora",0.631193390673042,123,1,"s.Cape_Hunting_dog,s.Lion","5764","817.578","5.649"
"5781_317.21_4.634",NA,NA,NA,NA,NA,NA,NA,NA,NA,NA,NA,NA,NA,NA,NA,NA,NA,NA,NA,NA,NA,NA,NA,NA,NA,NA,NA,NA,"5781_317.21_4.634",0.640322931292913,5,1,"s.Foregut,s.Simplegut",0.756208805477019,3,0.0149,"s.Omnivores",0.714418211185075,2,0.59972,"s.Carnivora",0.847261781947752,70,1,"s.Black_bear,s.Brown_bear","5781","317.21","4.634"
"5818_591.315_4.136","Connected","Spectral_Match_to_Urobilin_from_NIST14","0.863724",4.136,4.136,0,"CCMSLIB00003137178",0.347989506,36,133,36,591.3148,1,591.3148,0.347989506,5818,591.315,4.136,0.347989506,"Bile pigments",NA,NA,NA,NA,NA,NA,NA,NA,"5818_591.315_4.136",0.764712209787553,3,0.82614,"s.Simplegut",0.894326164234624,1,0.00298,"s.Carnivores",0.989682273412492,2,0.00319,"s.Carnivora",0.650879816908659,278,1,"s.Leopard,s.Tiger","5818","591.315","4.136"
"5839_387.251_5.759",NA,NA,NA,NA,NA,NA,NA,NA,NA,NA,NA,NA,NA,NA,NA,NA,NA,NA,NA,NA,NA,NA,NA,NA,NA,NA,NA,NA,"5839_387.251_5.759",0.785620470575977,5,0.96138,"s.Foregut,s.Simplegut",0.950511761108004,1,0.00298,"s.Carnivores",0.897782524536282,10,0.00319,"s.Carnivora,s.Cetartiodactyla",0.698278420356907,118,1,"s.Cape_Hunting_dog,s.Hyena","5839","387.251","5.759"
"5861_455.212_2.707",NA,NA,NA,NA,NA,NA,NA,NA,NA,NA,NA,NA,NA,NA,NA,NA,NA,NA,NA,NA,NA,NA,NA,NA,NA,NA,NA,NA,"5861_455.212_2.707",0.606976978666884,3,1,"s.Simplegut",0.976322528838782,1,0.00298,"s.Carnivores",0.881917103688197,2,0.00319,"s.Carnivora",0.706118756782491,254,1,"s.Israeli_Wolf,s.Tiger","5861","455.212","2.707"
"5870_455.212_2.567",NA,NA,NA,NA,NA,NA,NA,NA,NA,NA,NA,NA,NA,NA,NA,NA,NA,NA,NA,NA,NA,NA,NA,NA,NA,NA,NA,NA,"5870_455.212_2.567",0.606976978666884,3,1,"s.Simplegut",0.97569023826023,1,0.00298,"s.Carnivores",0.881917103688197,2,0.00319,"s.Carnivora",0.717735827524361,254,1,"s.Israeli_Wolf,s.Tiger","5870","455.212","2.567"
"6000_375.212_4.647","Connected","(2E,6E,10Z)-12-hydroxy-10-(hydroxymethyl)-6-methyl-2-(4-methylpent-3-enyl)dodeca-2,6,10-trienoic_acid","0.706587",4.6474,4.6474,0,"CCMSLIB00004709991",0.011703391,23,830,23,375.2125,1,375.2125,0.011703391,6000,375.212,4.647,0.011703391,"Unsat. LCFA",NA,NA,NA,NA,NA,NA,NA,NA,"6000_375.212_4.647",0.606976978666884,3,1,"s.Simplegut",0.693736857445479,3,0.03874,"s.Omnivores",0.710330416717527,2,0.35409,"s.Carnivora",0.878936041984316,70,0.1914,"s.Black_bear,s.Brown_bear","6000","375.212","4.647"
"606_449.324_6.398",NA,NA,NA,NA,NA,NA,NA,NA,NA,NA,NA,NA,NA,NA,NA,NA,NA,NA,NA,NA,NA,NA,NA,NA,NA,NA,NA,NA,"606_449.324_6.398",0.979529139986052,1,0.00294,"s.Foregut",0.797661629525857,4,0.06258,"s.Carnivores,s.Herbivores",0.971756316755153,3,0.00319,"s.Cetartiodactyla",0.925221442320077,220,0.00319,"s.Goat,s.Sheep","606","449.324","6.398"
"608_479.298_4.849","Connected","N/A","N/A",4.8493,4.8493,0,"N/A",0.163541658,38,82,38,479.2981,1,479.2981,0.163541658,608,479.298,4.849,0.163541658,"Triterpenoids","Wheat-straw-4","","no_matches","no_matches",87,"no_matches","no_matches",NA,"608_479.298_4.849",0.903482612070653,4,0.00588,"s.Foregut,s.Hindgut",0.846164029673499,2,0.00298,"s.Herbivores",0.998176748659859,13,0.00319,"s.Cetartiodactyla,s.Perissodactyla",0.913365518084419,195,0.00319,"s.Donkey,s.Zebra","608","479.298","4.849"
"614_255.097_2.957",NA,NA,NA,NA,NA,NA,NA,NA,NA,NA,NA,NA,NA,NA,NA,NA,NA,NA,NA,NA,NA,NA,NA,NA,NA,NA,NA,NA,"614_255.097_2.957",0.904156944205003,4,0.00294,"s.Foregut,s.Hindgut",0.84664568350109,2,0.00298,"s.Herbivores",0.999258102006805,13,0.00319,"s.Cetartiodactyla,s.Perissodactyla",0.83673328878486,220,0.00319,"s.Goat,s.Sheep","614","255.097","2.957"
"618_258.096_0.695",NA,NA,NA,NA,NA,NA,NA,NA,NA,NA,NA,NA,NA,NA,NA,NA,NA,NA,NA,NA,NA,NA,NA,NA,NA,NA,NA,NA,"618_258.096_0.695",0.916105343618205,4,0.00294,"s.Foregut,s.Hindgut",0.921855728707246,6,0.00298,"s.Herbivores,s.Omnivores",0.886717665684666,25,0.00319,"s.Cetartiodactyla,s.Perissodactyla,s.Primates",0.532632783594444,220,1,"s.Goat,s.Sheep","618","258.096","0.695"
"6183_318.19_1.577",NA,NA,NA,NA,NA,NA,NA,NA,NA,NA,NA,NA,NA,NA,NA,NA,NA,NA,NA,NA,NA,NA,NA,NA,NA,NA,NA,NA,"6183_318.19_1.577",0.681304163667972,3,1,"s.Simplegut",0.927092576328738,1,0.00298,"s.Carnivores",0.848542187088046,2,0.00638,"s.Carnivora",0.756942038495003,278,1,"s.Leopard,s.Tiger","6183","318.19","1.577"
"623_455.311_8.2",NA,NA,NA,NA,NA,NA,NA,NA,NA,NA,NA,NA,NA,NA,NA,NA,NA,NA,NA,NA,NA,NA,NA,NA,NA,NA,NA,NA,"623_455.311_8.2",0.952754640299862,1,0.00588,"s.Foregut",0.830069615989762,2,0.00596,"s.Herbivores",0.985353966133462,13,0.00319,"s.Cetartiodactyla,s.Perissodactyla",0.918289514025089,220,0.00319,"s.Goat,s.Sheep","623","455.311","8.2"
"6276_803.539_6.693",NA,NA,NA,NA,NA,NA,NA,NA,NA,NA,NA,NA,NA,NA,NA,NA,NA,NA,NA,NA,NA,NA,NA,NA,NA,NA,NA,NA,"6276_803.539_6.693",0.67023173063904,3,1,"s.Simplegut",0.97934032583579,1,0.00298,"s.Carnivores",0.697324995821181,2,0.81026,"s.Carnivora",0.636924526546525,242,1,"s.Hyena,s.Sand_cat","6276","803.539","6.693"
"632_465.319_4.427","Connected","N/A","N/A",4.4271,4.4271,0,"N/A",0.03306836,43,82,43,465.319,1,465.319,0.03306836,632,465.319,4.427,0.03306836,"Triterpenoids","Wheat-straw-1","","no_matches","no_matches",87,"no_matches","no_matches",NA,"632_465.319_4.427",0.899265739311695,4,0.00294,"s.Foregut,s.Hindgut",0.820907500641168,2,0.00298,"s.Herbivores",0.990103122087055,13,0.00319,"s.Cetartiodactyla,s.Perissodactyla",0.838239606647546,195,0.00319,"s.Donkey,s.Zebra","632","465.319","4.427"
"634_255.21_8.199","Connected","N/A","N/A",8.1988,8.1988,0,"N/A",0.015331658,35,113,35,255.2097,1,255.2097,0.015331658,634,255.21,8.199,0.015331658,"Bile acids","BA 2 (m/z 255.21)","In cluster with BA 1. There's also a lithocholic acid neighbor in the cluster, but low cosine match. ","Steroids_and_steroid_derivatives","Monohydroxy_bile_acids,_alcohols_and_derivatives",45,"Bile_acids,_alcohols_and_derivatives","Lipids_and_lipid-like_molecules",NA,"634_255.21_8.199",0.961199896324162,1,0.00294,"s.Foregut",0.8226953794973,2,0.00596,"s.Herbivores",0.971296667046187,13,0.00319,"s.Cetartiodactyla,s.Perissodactyla",0.940146879927997,220,0.00319,"s.Goat,s.Sheep","634","255.21","8.199"
"635_481.314_4.525",NA,NA,NA,NA,NA,NA,NA,NA,NA,NA,NA,NA,NA,NA,NA,NA,NA,NA,NA,NA,NA,NA,NA,NA,NA,NA,NA,NA,"635_481.314_4.525",0.902613094107845,4,0.00294,"s.Foregut,s.Hindgut",0.843029773052392,2,0.00298,"s.Herbivores",0.996509128382534,13,0.00319,"s.Cetartiodactyla,s.Perissodactyla",0.703158809155182,195,1,"s.Donkey,s.Zebra","635","481.314","4.525"
"6353_249.123_2.703","Connected","N/A","N/A",2.7027,2.7027,0,"N/A",0.007105064,17,5433,17,249.1227,1,249.1227,0.007105064,6353,249.123,2.703,0.007105064,"Hormones","Cyclic 3-Hydroxymelatonin","Cyclic 3-hydroxymelatonin, predicted from NAP","no_matches","no_matches",2,"no_matches","no_matches",NA,"6353_249.123_2.703",0.528810586072431,3,1,"s.Simplegut",0.819958880658549,1,0.00298,"s.Carnivores",0.687451066222045,2,0.64757,"s.Carnivora",0.847219381625473,254,1,"s.Israeli_Wolf,s.Tiger","6353","249.123","2.703"
"643_431.314_5.709",NA,NA,NA,NA,NA,NA,NA,NA,NA,NA,NA,NA,NA,NA,NA,NA,NA,NA,NA,NA,NA,NA,NA,NA,NA,NA,NA,NA,"643_431.314_5.709",0.940961745121135,1,0.00294,"s.Foregut",0.86298618901466,4,0.00894,"s.Carnivores,s.Herbivores",0.935322957812573,13,0.00319,"s.Cetartiodactyla,s.Perissodactyla",0.706672778875985,220,1,"s.Goat,s.Sheep","643","431.314","5.709"
"6461_160.096_2.769",NA,NA,NA,NA,NA,NA,NA,NA,NA,NA,NA,NA,NA,NA,NA,NA,NA,NA,NA,NA,NA,NA,NA,NA,NA,NA,NA,NA,"6461_160.096_2.769",0.67846699279881,5,1,"s.Foregut,s.Simplegut",0.922501580910645,1,0.00298,"s.Carnivores",0.884546485756198,2,0.00638,"s.Carnivora",0.772119635762782,278,1,"s.Leopard,s.Tiger","6461","160.096","2.769"
"6897_593.33_5.812",NA,NA,NA,NA,NA,NA,NA,NA,NA,NA,NA,NA,NA,NA,NA,NA,NA,NA,NA,NA,NA,NA,NA,NA,NA,NA,NA,NA,"6897_593.33_5.812",0.605788839250726,3,1,"s.Simplegut",0.908112218635642,1,0.00298,"s.Carnivores",0.859365227374406,2,0.0319,"s.Carnivora",0.895267848406439,278,1,"s.Leopard,s.Tiger","6897","593.33","5.812"
"6931_589.299_4.677",NA,NA,NA,NA,NA,NA,NA,NA,NA,NA,NA,NA,NA,NA,NA,NA,NA,NA,NA,NA,NA,NA,NA,NA,NA,NA,NA,NA,"6931_589.299_4.677",0.719912542730321,5,1,"s.Foregut,s.Simplegut",0.890166381024832,1,0.00298,"s.Carnivores",0.962839423937753,10,0.00319,"s.Carnivora,s.Cetartiodactyla",0.748934829082354,278,1,"s.Leopard,s.Tiger","6931","589.299","4.677"
"696_449.324_5.419","Connected","N/A","N/A",5.4189,5.4189,0,"N/A",0.023487968,45,82,45,449.3244,1,449.3244,0.023487968,696,449.324,5.419,0.023487968,"Triterpenoids","Pellets-7","","no_matches","no_matches",87,"no_matches","no_matches",NA,"696_449.324_5.419",0.959421274079241,1,0.00294,"s.Foregut",0.806619692478685,2,0.0149,"s.Herbivores",0.995002224646026,13,0.00319,"s.Cetartiodactyla,s.Perissodactyla",0.923692688457075,220,0.00319,"s.Goat,s.Sheep","696","449.324","5.419"
"6979_615.313_5.842",NA,NA,NA,NA,NA,NA,NA,NA,NA,NA,NA,NA,NA,NA,NA,NA,NA,NA,NA,NA,NA,NA,NA,NA,NA,NA,NA,NA,"6979_615.313_5.842",0.495594627783352,3,1,"s.Simplegut",0.816921969973067,1,0.00298,"s.Carnivores",0.720082299823096,2,0.19778,"s.Carnivora",0.851357941221741,278,1,"s.Leopard,s.Tiger","6979","615.313","5.842"
"6988_122.057_2.258",NA,NA,NA,NA,NA,NA,NA,NA,NA,NA,NA,NA,NA,NA,NA,NA,NA,NA,NA,NA,NA,NA,NA,NA,NA,NA,NA,NA,"6988_122.057_2.258",0.529812942826018,3,1,"s.Simplegut",0.993406105290452,1,0.00298,"s.Carnivores",0.769800358919501,2,0.03828,"s.Carnivora",0.688183015799913,278,1,"s.Leopard,s.Tiger","6988","122.057","2.258"
"701_449.324_5.178","Connected","N/A","N/A",5.1785,5.1785,0,"N/A",0.018142953,45,82,45,449.3243,1,449.3243,0.018142953,701,449.324,5.178,0.018142953,"Triterpenoids","Pellets-5","","no_matches","no_matches",87,"no_matches","no_matches",NA,"701_449.324_5.178",0.966010715457549,1,0.00294,"s.Foregut",0.779171768095449,4,0.05662,"s.Carnivores,s.Herbivores",0.954838454126949,3,0.00319,"s.Cetartiodactyla",0.904672544574341,220,0.00319,"s.Goat,s.Sheep","701","449.324","5.178"
"7050_188.128_3.797",NA,NA,NA,NA,NA,NA,NA,NA,NA,NA,NA,NA,NA,NA,NA,NA,NA,NA,NA,NA,NA,NA,NA,NA,NA,NA,NA,NA,"7050_188.128_3.797",0.577350269189626,3,1,"s.Simplegut",0.902771194342217,1,0.00298,"s.Carnivores",0.790837070553339,2,0.06699,"s.Carnivora",0.824403583738276,254,1,"s.Israeli_Wolf,s.Tiger","7050","188.128","3.797"
"7056_589.299_4.124",NA,NA,NA,NA,NA,NA,NA,NA,NA,NA,NA,NA,NA,NA,NA,NA,NA,NA,NA,NA,NA,NA,NA,NA,NA,NA,NA,NA,"7056_589.299_4.124",0.67538163350597,3,1,"s.Simplegut",0.714005547295417,5,0.10728,"s.Carnivores,s.Omnivores",0.833046406086278,2,0.01914,"s.Carnivora",0.840794440042314,92,1,"s.Brown_bear,s.Capuchin","7056","589.299","4.124"
"7093_416.314_6.076","Connected","N/A","N/A",6.0759,6.0759,0,"N/A",0.004367294,19,2401,19,416.3136,1,416.3136,0.004367294,7093,416.314,6.076,0.004367294,"Unsat. LCFA","Unsat. LCFA 8","Myxalamide A. NAP, high confidence","no_matches","no_matches",2,"no_matches","no_matches",NA,"7093_416.314_6.076",0.577350269189626,3,1,"s.Simplegut",0.991170300311507,1,0.00298,"s.Carnivores",0.733039533955936,2,0.23287,"s.Carnivora",0.782592444826259,254,1,"s.Israeli_Wolf,s.Tiger","7093","416.314","6.076"
"714_887.633_8.201",NA,NA,NA,NA,NA,NA,NA,NA,NA,NA,NA,NA,NA,NA,NA,NA,NA,NA,NA,NA,NA,NA,NA,NA,NA,NA,NA,NA,"714_887.633_8.201",0.961285516205979,1,0.00294,"s.Foregut",0.787400787401181,2,0.00894,"s.Herbivores",0.951698782841124,3,0.00319,"s.Cetartiodactyla",0.937867761691693,220,0.00319,"s.Goat,s.Sheep","714","887.633","8.201"
"7148_236.127_4.392","Connected","N/A","N/A",4.3922,4.3922,0,"N/A",0.005460053,18,179,18,236.1272,1,236.1272,0.005460053,7148,236.127,4.392,0.005460053,"N-acyl AA","Butyryl-Phe","Butyryl-Phe. See Fig. S6.","no_matches","no_matches",87,"no_matches","no_matches",NA,"7148_236.127_4.392",0.544057474836105,3,1,"s.Simplegut",0.915542415097316,1,0.00298,"s.Carnivores",0.741495044013758,2,0.25839,"s.Carnivora",0.808972313363643,278,1,"s.Leopard,s.Tiger","7148","236.127","4.392"
"7156_303.169_5.826","Connected","N/A","N/A",5.8265,5.8265,0,"N/A",0.003413834,16,240,16,303.1688,1,303.1688,0.003413834,7156,303.169,5.826,0.003413834,"Bile pigments","BR 2 (m/z 303.169)","Based on GNPS ID in cluster","Tetrapyrroles_and_derivatives","Bilirubins",66,"Bilirubins","Organoheterocyclic_compounds",NA,"7156_303.169_5.826",0.510189014657399,3,1,"s.Simplegut",0.911807744160127,1,0.00298,"s.Carnivores",0.74290685890644,2,0.37323,"s.Carnivora",0.904050213966296,278,1,"s.Leopard,s.Tiger","7156","303.169","5.826"
"716_465.319_4.772","Connected","N/A","N/A",4.7722,4.7722,0,"N/A",0.055072993,44,82,44,465.319,1,465.319,0.055072993,716,465.319,4.772,0.055072993,"Triterpenoids","Wheat-straw-2","","no_matches","no_matches",87,"no_matches","no_matches",NA,"716_465.319_4.772",0.901139775265036,4,0.01764,"s.Foregut,s.Hindgut",0.831666345654073,2,0.00596,"s.Herbivores",0.993548542702962,13,0.00319,"s.Cetartiodactyla,s.Perissodactyla",0.869414556836525,195,0.00638,"s.Donkey,s.Zebra","716","465.319","4.772"
"7171_202.143_4.188",NA,NA,NA,NA,NA,NA,NA,NA,NA,NA,NA,NA,NA,NA,NA,NA,NA,NA,NA,NA,NA,NA,NA,NA,NA,NA,NA,NA,"7171_202.143_4.188",0.529812942826018,3,1,"s.Simplegut",0.956198216986261,1,0.00298,"s.Carnivores",0.739998013138384,2,0.28072,"s.Carnivora",0.85877073413872,278,1,"s.Leopard,s.Tiger","7171","202.143","4.188"
"718_238.07_2.959",NA,NA,NA,NA,NA,NA,NA,NA,NA,NA,NA,NA,NA,NA,NA,NA,NA,NA,NA,NA,NA,NA,NA,NA,NA,NA,NA,NA,"718_238.07_2.959",0.904038572741108,4,0.00294,"s.Foregut,s.Hindgut",0.846035475206026,2,0.00298,"s.Herbivores",0.998916222825549,13,0.00319,"s.Cetartiodactyla,s.Perissodactyla",0.837831469202943,220,0.00319,"s.Goat,s.Sheep","718","238.07","2.959"
"7200_609.325_4.646",NA,NA,NA,NA,NA,NA,NA,NA,NA,NA,NA,NA,NA,NA,NA,NA,NA,NA,NA,NA,NA,NA,NA,NA,NA,NA,NA,NA,"7200_609.325_4.646",0.561144469804216,5,1,"s.Foregut,s.Simplegut",0.941892147346719,1,0.00298,"s.Carnivores",0.80428336125697,2,0.02871,"s.Carnivora",0.638825323915282,244,1,"s.Hyena,s.Tiger","7200","609.325","4.646"
"721_415.319_7.959",NA,NA,NA,NA,NA,NA,NA,NA,NA,NA,NA,NA,NA,NA,NA,NA,NA,NA,NA,NA,NA,NA,NA,NA,NA,NA,NA,NA,"721_415.319_7.959",0.944114021977167,1,0.00294,"s.Foregut",0.81899652892739,4,0.00894,"s.Carnivores,s.Herbivores",0.922003868098341,13,0.00319,"s.Cetartiodactyla,s.Perissodactyla",0.746784830596001,220,1,"s.Goat,s.Sheep","721","415.319","7.959"
"7212_180.101_5.833",NA,NA,NA,NA,NA,NA,NA,NA,NA,NA,NA,NA,NA,NA,NA,NA,NA,NA,NA,NA,NA,NA,NA,NA,NA,NA,NA,NA,"7212_180.101_5.833",0.50193780367553,3,1,"s.Simplegut",0.94682242788466,1,0.00298,"s.Carnivores",0.735596204870541,2,0.18502,"s.Carnivora",0.75556477757039,278,1,"s.Leopard,s.Tiger","7212","180.101","5.833"
"7263_303.169_4.049",NA,NA,NA,NA,NA,NA,NA,NA,NA,NA,NA,NA,NA,NA,NA,NA,NA,NA,NA,NA,NA,NA,NA,NA,NA,NA,NA,NA,"7263_303.169_4.049",0.657613106858256,3,1,"s.Simplegut",0.961311374612083,1,0.00298,"s.Carnivores",0.898144338616582,2,0.00319,"s.Carnivora",0.661344908448896,254,1,"s.Israeli_Wolf,s.Tiger","7263","303.169","4.049"
"7316_188.128_3.7","Connected","N/A","N/A",3.7005,3.7005,0,"N/A",0.005314251,18,179,18,188.1275,1,188.1275,0.005314251,7316,188.128,3.7,0.005314251,"N-acyl AA","Butyryl-Val","Butyryl-Val. See Fig. S6.","no_matches","no_matches",87,"no_matches","no_matches",NA,"7316_188.128_3.7",0.561951486949016,3,1,"s.Simplegut",0.939185028961593,1,0.00298,"s.Carnivores",0.743343997513866,2,0.11484,"s.Carnivora",0.739678429428923,248,1,"s.Israeli_Wolf,s.Leopard","7316","188.128","3.7"
"7384_607.31_4.923",NA,NA,NA,NA,NA,NA,NA,NA,NA,NA,NA,NA,NA,NA,NA,NA,NA,NA,NA,NA,NA,NA,NA,NA,NA,NA,NA,NA,"7384_607.31_4.923",0.63247013131181,3,1,"s.Simplegut",0.971204056391911,1,0.00298,"s.Carnivores",0.899341166973612,2,0.00319,"s.Carnivora",0.740463962672724,278,1,"s.Leopard,s.Tiger","7384","607.31","4.923"
"7625_357.277_5.815","Connected","Spectral_Match_to_3.beta.-Hydroxy-5-cholenoic_acid_from_NIST14","0.873965",5.8145,5.8145,0,"CCMSLIB00003134721",0.161564035,62,1274,62,357.2772,1,357.2772,0.161564035,7625,357.277,5.815,0.161564035,"Bile acids","3b-Hydroxy-5-cholenoic acid 2",NA,NA,NA,NA,NA,NA,NA,"7625_357.277_5.815",0.982991003110083,5,0.00294,"s.Foregut,s.Simplegut",0.974151308162267,5,0.00298,"s.Carnivores,s.Omnivores",0.983317342252875,23,0.00319,"s.Carnivora,s.Cetartiodactyla,s.Primates",0.581591369898607,263,1,"s.Jungle_cat,s.Tiger","7625","357.277","5.815"
"7652_331.095_2.546",NA,NA,NA,NA,NA,NA,NA,NA,NA,NA,NA,NA,NA,NA,NA,NA,NA,NA,NA,NA,NA,NA,NA,NA,NA,NA,NA,NA,"7652_331.095_2.546",0.418853908291695,3,1,"s.Simplegut",0.44990263236457,3,1,"s.Omnivores",0.608580619450185,2,1,"s.Carnivora",0.978494308532058,70,0.00638,"s.Black_bear,s.Brown_bear","7652","331.095","2.546"
"775_479.298_5.654","Connected","N/A","N/A",5.6544,5.6544,0,"N/A",0.018145112,36,82,36,479.2981,1,479.2981,0.018145112,775,479.298,5.654,0.018145112,"Triterpenoids","Unclassified-4","","no_matches","no_matches",87,"no_matches","no_matches",NA,"775_479.298_5.654",0.904534033733291,4,0.00294,"s.Foregut,s.Hindgut",0.848528137423857,2,0.00298,"s.Herbivores",1,13,0.00319,"s.Cetartiodactyla,s.Perissodactyla",0.787525241048581,220,0.00319,"s.Goat,s.Sheep","775","479.298","5.654"
"786_463.303_6.349",NA,NA,NA,NA,NA,NA,NA,NA,NA,NA,NA,NA,NA,NA,NA,NA,NA,NA,NA,NA,NA,NA,NA,NA,NA,NA,NA,NA,"786_463.303_6.349",0.905633686363902,1,0.00588,"s.Foregut",0.843668467291072,2,0.00298,"s.Herbivores",0.999377405949456,13,0.00319,"s.Cetartiodactyla,s.Perissodactyla",0.884242684865537,220,0.00319,"s.Goat,s.Sheep","786","463.303","6.349"
"8011_184.133_2.457",NA,NA,NA,NA,NA,NA,NA,NA,NA,NA,NA,NA,NA,NA,NA,NA,NA,NA,NA,NA,NA,NA,NA,NA,NA,NA,NA,NA,"8011_184.133_2.457",0.374634324632678,3,1,"s.Simplegut",0.7332669154619,1,0.00298,"s.Carnivores",0.544331053951817,2,1,"s.Carnivora",0.90480746337654,244,1,"s.Hyena,s.Tiger","8011","184.133","2.457"
"804_471.306_5.698",NA,NA,NA,NA,NA,NA,NA,NA,NA,NA,NA,NA,NA,NA,NA,NA,NA,NA,NA,NA,NA,NA,NA,NA,NA,NA,NA,NA,"804_471.306_5.698",0.961419065546553,1,0.00294,"s.Foregut",0.816496580927726,4,0.00894,"s.Carnivores,s.Herbivores",0.986847835502789,13,0.00319,"s.Cetartiodactyla,s.Perissodactyla",0.866847834113009,220,0.00319,"s.Goat,s.Sheep","804","471.306","5.698"
"8079_609.325_4.569",NA,NA,NA,NA,NA,NA,NA,NA,NA,NA,NA,NA,NA,NA,NA,NA,NA,NA,NA,NA,NA,NA,NA,NA,NA,NA,NA,NA,"8079_609.325_4.569",0.598814596192155,5,1,"s.Foregut,s.Simplegut",0.978434924137977,1,0.00298,"s.Carnivores",0.846178039365048,2,0.00638,"s.Carnivora",0.632583499711808,128,1,"s.Cape_Hunting_dog,s.Tiger","8079","609.325","4.569"
"8100_591.314_4.86",NA,NA,NA,NA,NA,NA,NA,NA,NA,NA,NA,NA,NA,NA,NA,NA,NA,NA,NA,NA,NA,NA,NA,NA,NA,NA,NA,NA,"8100_591.314_4.86",0.511030855956043,3,1,"s.Simplegut",0.82196982399729,1,0.00298,"s.Carnivores",0.743644853290555,2,0.14674,"s.Carnivora",0.861380971085939,278,1,"s.Leopard,s.Tiger","8100","591.314","4.86"
"813_415.319_7.38",NA,NA,NA,NA,NA,NA,NA,NA,NA,NA,NA,NA,NA,NA,NA,NA,NA,NA,NA,NA,NA,NA,NA,NA,NA,NA,NA,NA,"813_415.319_7.38",0.880843427876479,1,0.57624,"s.Foregut",0.893849272738692,4,0.00298,"s.Carnivores,s.Herbivores",0.847442226995839,13,0.25201,"s.Cetartiodactyla,s.Perissodactyla",0.711888466341282,120,1,"s.Cape_Hunting_dog,s.Jungle_cat","813","415.319","7.38"
"8160_447.272_4.298","Connected","N/A","N/A",4.2981,4.2981,0,"N/A",0.022818765,24,568,24,447.272,1,447.272,0.022818765,8160,447.272,4.298,0.022818765,"Peptides","Cyc. Peptide 7","Cyclic peptides based on NAP/MolNetEnhancer","no_matches","no_matches",34,"no_matches","no_matches",NA,"8160_447.272_4.298",0.64888568452305,3,1,"s.Simplegut",0.507568324682648,6,1,"s.Herbivores,s.Omnivores",0.85252532468244,5,0.01914,"s.Primates",0.941972447454664,152,0.00319,"s.Chimp,s.Gorilla","8160","447.272","4.298"
"820_255.21_7.717","Connected","N/A","N/A",7.7166,7.7166,0,"N/A",0.013593597,37,113,37,255.2097,1,255.2097,0.013593597,820,255.21,7.717,0.013593597,"Bile acids","BA 1 (m/z 255.21)","In cluster with BA 2. There's also a lithocholic acid neighbor in the cluster, but low cosine match.","Steroids_and_steroid_derivatives","Monohydroxy_bile_acids,_alcohols_and_derivatives",45,"Bile_acids,_alcohols_and_derivatives","Lipids_and_lipid-like_molecules",NA,"820_255.21_7.717",0.953882234383794,1,0.00588,"s.Foregut",0.818743821717634,2,0.00894,"s.Herbivores",0.970298224685809,13,0.00319,"s.Cetartiodactyla,s.Perissodactyla",0.92529805033646,220,0.00319,"s.Goat,s.Sheep","820","255.21","7.717"
"832_449.324_5.964","Connected","N/A","N/A",5.9638,5.9638,0,"N/A",0.028484721,52,82,52,449.3243,1,449.3243,0.028484721,832,449.324,5.964,0.028484721,"Triterpenoids","Pellets-9","","no_matches","no_matches",87,"no_matches","no_matches",NA,"832_449.324_5.964",0.968158241155288,1,0.00294,"s.Foregut",0.844620267972463,4,0.0149,"s.Carnivores,s.Herbivores",0.992825749699502,13,0.00319,"s.Cetartiodactyla,s.Perissodactyla",0.920020822755964,220,0.00319,"s.Goat,s.Sheep","832","449.324","5.964"
"835_176.07_4.101",NA,NA,NA,NA,NA,NA,NA,NA,NA,NA,NA,NA,NA,NA,NA,NA,NA,NA,NA,NA,NA,NA,NA,NA,NA,NA,NA,NA,"835_176.07_4.101",0.918436667360594,5,0.00588,"s.Foregut,s.Simplegut",0.925182562129982,5,0.00298,"s.Carnivores,s.Omnivores",0.917499382026957,23,0.00319,"s.Carnivora,s.Cetartiodactyla,s.Primates",0.712597549879748,128,1,"s.Cape_Hunting_dog,s.Tiger","835","176.07","4.101"
"8483_392.314_4.891",NA,NA,NA,NA,NA,NA,NA,NA,NA,NA,NA,NA,NA,NA,NA,NA,NA,NA,NA,NA,NA,NA,NA,NA,NA,NA,NA,NA,"8483_392.314_4.891",0.918878430876647,1,0.00294,"s.Foregut",0.44826288870465,1,1,"s.Carnivores",0.8484314902094,3,0.00957,"s.Cetartiodactyla",0.898838589640423,236,1,"s.Hyena,s.Jungle_cat","8483","392.314","4.891"
"8484_447.309_6.53","Connected","N/A","N/A",6.53,6.53,0,"N/A",0.025648793,46,82,46,447.309,1,447.309,0.025648793,8484,447.309,6.53,0.025648793,"Triterpenoids","Pellets-11","","no_matches","no_matches",87,"no_matches","no_matches",NA,"8484_447.309_6.53",0.958330292666497,1,0.00294,"s.Foregut",0.822699920714643,2,0.00596,"s.Herbivores",0.995059156025058,13,0.00319,"s.Cetartiodactyla,s.Perissodactyla",0.892874681571813,220,0.00319,"s.Goat,s.Sheep","8484","447.309","6.53"
"8493_415.319_7.874",NA,NA,NA,NA,NA,NA,NA,NA,NA,NA,NA,NA,NA,NA,NA,NA,NA,NA,NA,NA,NA,NA,NA,NA,NA,NA,NA,NA,"8493_415.319_7.874",0.951370153416067,1,0.00294,"s.Foregut",0.705806064202942,4,0.2831,"s.Carnivores,s.Herbivores",0.917963649950561,3,0.00319,"s.Cetartiodactyla",0.706585567495862,220,1,"s.Goat,s.Sheep","8493","415.319","7.874"
"8495_413.264_5.863",NA,NA,NA,NA,NA,NA,NA,NA,NA,NA,NA,NA,NA,NA,NA,NA,NA,NA,NA,NA,NA,NA,NA,NA,NA,NA,NA,NA,"8495_413.264_5.863",0.854493259282208,5,0.16758,"s.Foregut,s.Simplegut",0.96439975759431,1,0.00298,"s.Carnivores",0.854493259282208,23,0.02233,"s.Carnivora,s.Cetartiodactyla,s.Primates",0.630316906023905,236,1,"s.Hyena,s.Jungle_cat","8495","413.264","5.863"
"8538_413.265_5.689",NA,NA,NA,NA,NA,NA,NA,NA,NA,NA,NA,NA,NA,NA,NA,NA,NA,NA,NA,NA,NA,NA,NA,NA,NA,NA,NA,NA,"8538_413.265_5.689",0.654653670707977,5,1,"s.Foregut,s.Simplegut",0.864486505243626,1,0.00298,"s.Carnivores",0.684037409427338,10,1,"s.Carnivora,s.Cetartiodactyla",0.836430427483654,236,1,"s.Hyena,s.Jungle_cat","8538","413.265","5.689"
"8554_479.298_4.307",NA,NA,NA,NA,NA,NA,NA,NA,NA,NA,NA,NA,NA,NA,NA,NA,NA,NA,NA,NA,NA,NA,NA,NA,NA,NA,NA,NA,"8554_479.298_4.307",0.838954571724468,4,0.06468,"s.Foregut,s.Hindgut",0.786348531846189,2,0.00298,"s.Herbivores",0.92721935037981,13,0.00319,"s.Cetartiodactyla,s.Perissodactyla",0.847008148871408,195,0.00319,"s.Donkey,s.Zebra","8554","479.298","4.307"
"902_477.282_5.479","Connected","N/A","N/A",5.4792,5.4792,0,"N/A",0.027120744,36,82,36,477.2822,1,477.2822,0.027120744,902,477.282,5.479,0.027120744,"Triterpenoids","Unclassified-2","","no_matches","no_matches",87,"no_matches","no_matches",NA,"902_477.282_5.479",0.904534033733291,4,0.00294,"s.Foregut,s.Hindgut",0.848528137423857,2,0.00298,"s.Herbivores",1,13,0.00319,"s.Cetartiodactyla,s.Perissodactyla",0.826196833027881,195,0.00319,"s.Donkey,s.Zebra","902","477.282","5.479"
"9033_433.329_6.938",NA,NA,NA,NA,NA,NA,NA,NA,NA,NA,NA,NA,NA,NA,NA,NA,NA,NA,NA,NA,NA,NA,NA,NA,NA,NA,NA,NA,"9033_433.329_6.938",0.93548461887393,1,0.00294,"s.Foregut",0.848544001585412,4,0.00298,"s.Carnivores,s.Herbivores",0.967959372135619,13,0.00319,"s.Cetartiodactyla,s.Perissodactyla",0.788640287535918,220,0.58058,"s.Goat,s.Sheep","9033","433.329","6.938"
"9067_434.333_7.853",NA,NA,NA,NA,NA,NA,NA,NA,NA,NA,NA,NA,NA,NA,NA,NA,NA,NA,NA,NA,NA,NA,NA,NA,NA,NA,NA,NA,"9067_434.333_7.853",0.975901668610371,1,0.00294,"s.Foregut",0.848528137423857,2,0.00298,"s.Herbivores",1,13,0.00319,"s.Cetartiodactyla,s.Perissodactyla",0.958847337812408,220,0.00319,"s.Goat,s.Sheep","9067","434.333","7.853"
"941_417.334_6.61",NA,NA,NA,NA,NA,NA,NA,NA,NA,NA,NA,NA,NA,NA,NA,NA,NA,NA,NA,NA,NA,NA,NA,NA,NA,NA,NA,NA,"941_417.334_6.61",0.943448867500772,1,0.00294,"s.Foregut",0.818185441711655,4,0.00596,"s.Carnivores,s.Herbivores",0.93502033931138,13,0.00319,"s.Cetartiodactyla,s.Perissodactyla",0.730964793584819,116,1,"s.Cape_Hunting_dog,s.Goat","941","417.334","6.61"
"983_461.287_6.295",NA,NA,NA,NA,NA,NA,NA,NA,NA,NA,NA,NA,NA,NA,NA,NA,NA,NA,NA,NA,NA,NA,NA,NA,NA,NA,NA,NA,"983_461.287_6.295",0.904534033733291,4,0.00294,"s.Foregut,s.Hindgut",0.848528137423857,2,0.00298,"s.Herbivores",1,13,0.00319,"s.Cetartiodactyla,s.Perissodactyla",0.856340158824259,220,0.00319,"s.Goat,s.Sheep","983","461.287","6.295"
"987_449.324_5.893",NA,NA,NA,NA,NA,NA,NA,NA,NA,NA,NA,NA,NA,NA,NA,NA,NA,NA,NA,NA,NA,NA,NA,NA,NA,NA,NA,NA,"987_449.324_5.893",0.942562254651742,1,0.00294,"s.Foregut",0.798992931981132,4,0.01788,"s.Carnivores,s.Herbivores",0.923935228788346,13,0.00319,"s.Cetartiodactyla,s.Perissodactyla",0.854550798297018,220,0.07975,"s.Goat,s.Sheep","987","449.324","5.893"
