,GNPSLinkout_Network,LibraryID,MQScore,RTConsensus,RTMean,RTStdErr,SpectrumID,SumPeakIntensity,UniqueFileSourcesCount,componentindex,number_of_spectra,parent_mass,precursor_charge,precursor_mass,sum(precursor_intensity),V1,V2,V3,sum.precursor_intensity.,Chemical_family,Name,Notes,CF_class,CF_Dparent,CF_NrNodes,CF_subclass,CF_superclass,Compound_Name,id,stat.x,index.x,p.value_gut,groups.x,stat.y,index.y,p.value_diet,groups.y,stat.x,index.x,p.value_kt,groups.x,stat.y,index.y,p.value_host,groups.y,V1,V2,V3
3947_399.324_7.694,Connected,N/A,N/A,7.6936,7.6936,0,N/A,0.005464386,25,2549,25,399.3241,1,399.3241,0.005464386,3947,399.324,7.694,0.005464386,Bile acids,26-oxocholest-4-en-3-one 1,"3-ketocholest-4-en-26-al based on in silico, high confidence, and manual examination of MS2. ",no_matches,no_matches,5,no_matches,no_matches,NA,3947_399.324_7.694,0.598730715,3,1,s.Simplegut,0.929935401,1,0.00298,s.Carnivores,0.720709771,2,0.68266,s.Carnivora,0.815553094,278,1,"s.Leopard,s.Tiger",3947,399.324,7.694
7625_357.277_5.815,Connected,Spectral_Match_to_3.beta.-Hydroxy-5-cholenoic_acid_from_NIST14,0.873965,5.8145,5.8145,0,CCMSLIB00003134721,0.161564035,62,1274,62,357.2772,1,357.2772,0.161564035,7625,357.277,5.815,0.161564035,Bile acids,3b-Hydroxy-5-cholenoic acid 2,NA,NA,NA,NA,NA,NA,NA,7625_357.277_5.815,0.982991003,5,0.00294,"s.Foregut,s.Simplegut",0.974151308,5,0.00298,"s.Carnivores,s.Omnivores",0.983317342,23,0.00319,"s.Carnivora,s.Cetartiodactyla,s.Primates",0.58159137,263,1,"s.Jungle_cat,s.Tiger",7625,357.277,5.815
2992_357.277_6.66,Connected,Spectral_Match_to_3.beta.-Hydroxy-5-cholenoic_acid_from_NIST14,0.862768,6.6603,6.6603,0,CCMSLIB00003134721,1.727837073,71,1274,71,357.2772,1,357.2772,1.727837073,2992,357.277,6.66,1.727837073,Bile acids,3b-Hydroxy-5-cholenoic acid 3,3.beta.-Hydroxy-5-cholenoic acid by GNPS ID.,Steroids_and_steroid_derivatives,"Dihydroxy_bile_acids,_alcohols_and_derivatives",16,"Bile_acids,_alcohols_and_derivatives",Lipids_and_lipid-like_molecules,Spectral_Match_to_3.beta.-Hydroxy-5-cholenoic_acid_from_NIST14,2992_357.277_6.66,0.961557429,5,0.00294,"s.Foregut,s.Simplegut",0.929620969,5,0.00298,"s.Carnivores,s.Omnivores",0.962496981,23,0.00319,"s.Carnivora,s.Cetartiodactyla,s.Primates",0.485127019,118,1,"s.Cape_Hunting_dog,s.Hyena",2992,357.277,6.66
820_255.21_7.717,Connected,N/A,N/A,7.7166,7.7166,0,N/A,0.013593597,37,113,37,255.2097,1,255.2097,0.013593597,820,255.21,7.717,0.013593597,Bile acids,BA 1 (m/z 255.21),"In cluster with BA 2. There's also a lithocholic acid neighbor in the cluster, but low cosine match.",Steroids_and_steroid_derivatives,"Monohydroxy_bile_acids,_alcohols_and_derivatives",45,"Bile_acids,_alcohols_and_derivatives",Lipids_and_lipid-like_molecules,NA,820_255.21_7.717,0.953882234,1,0.00588,s.Foregut,0.818743822,2,0.00894,s.Herbivores,0.970298225,13,0.00319,"s.Cetartiodactyla,s.Perissodactyla",0.92529805,220,0.00319,"s.Goat,s.Sheep",820,255.21,7.717
634_255.21_8.199,Connected,N/A,N/A,8.1988,8.1988,0,N/A,0.015331658,35,113,35,255.2097,1,255.2097,0.015331658,634,255.21,8.199,0.015331658,Bile acids,BA 2 (m/z 255.21),"In cluster with BA 1. There's also a lithocholic acid neighbor in the cluster, but low cosine match. ",Steroids_and_steroid_derivatives,"Monohydroxy_bile_acids,_alcohols_and_derivatives",45,"Bile_acids,_alcohols_and_derivatives",Lipids_and_lipid-like_molecules,NA,634_255.21_8.199,0.961199896,1,0.00294,s.Foregut,0.822695379,2,0.00596,s.Herbivores,0.971296667,13,0.00319,"s.Cetartiodactyla,s.Perissodactyla",0.94014688,220,0.00319,"s.Goat,s.Sheep",634,255.21,8.199
12008_373.272_4.486,Connected,Spectral_Match_to_Cholic_acid_from_NIST14,0.816466,4.4858,4.4858,0,CCMSLIB00003135149,0.014913042,28,137,28,373.2722,1,373.2722,0.014913042,12008,373.272,4.486,0.014913042,Bile acids,Cholic acid 1,NA,NA,NA,NA,NA,NA,NA,12008_373.272_4.486,0.68588619,3,1,s.Simplegut,0.897577684,1,0.00298,s.Carnivores,0.913257536,2,0.01595,s.Carnivora,0.827514391,273,1,"s.Leopard,s.Lion",12008,373.272,4.486
5764_817.578_5.649,Singleton,Spectral_Match_to_Cholic_acid_from_NIST14,0.815981,5.6488,5.6488,0,CCMSLIB00003139898,0.138080012,30,-1,30,817.5782,1,817.5782,0.138080012,5764,817.578,5.649,0.138080012,Bile acids,Cholic acid 3,NA,NA,NA,NA,NA,NA,NA,5764_817.578_5.649,0.690065559,5,1,"s.Foregut,s.Simplegut",0.825892864,1,0.00298,s.Carnivores,0.965082889,2,0.00319,s.Carnivora,0.631193391,123,1,"s.Cape_Hunting_dog,s.Lion",5764,817.578,5.649
13865_453.228_4.883,Connected,N/A,N/A,4.8825,4.8825,0,N/A,0.007028751,10,137,10,453.2285,1,453.2285,0.007028751,13865,453.228,4.883,0.007028751,Bile acids,Cholic acid 7-sulfate 1,Cholic acid 7-sulfate,Steroids_and_steroid_derivatives,"Trihydroxy_bile_acids,_alcohols_and_derivatives",88,"Bile_acids,_alcohols_and_derivatives",Lipids_and_lipid-like_molecules,NA,13865_453.228_4.883,0.418853908,3,1,s.Simplegut,0.78319776,1,0.00298,s.Carnivores,0.608580619,2,1,s.Carnivora,0.947542766,278,1,"s.Leopard,s.Tiger",13865,453.228,4.883
3846_375.288_5.828,Connected,deoxycholic_acid,0.867982,5.8282,5.8282,0,CCMSLIB00005435507,0.03032711,50,1274,50,375.2878,1,375.2878,0.03032711,3846,375.288,5.828,0.03032711,Bile acids,Deoxycholic acid 1,NA,NA,NA,NA,NA,NA,NA,3846_375.288_5.828,0.881204081,5,0.15582,"s.Foregut,s.Simplegut",0.968174093,1,0.00298,s.Carnivores,0.913096052,10,0.00319,"s.Carnivora,s.Cetartiodactyla",0.681196654,263,1,"s.Jungle_cat,s.Tiger",3846,375.288,5.828
10412_356.293_5.953,Connected,N/A,N/A,5.9529,5.9529,0,N/A,0.008878892,16,762,16,356.2932,1,356.2932,0.008878892,10412,356.293,5.953,0.008878892,Bile acids,Deoxycholic acid amide 1,"Neighboring node is glycodeoxycholic acid M-2(H2O)+H, delta of 58.005 which is CO2CH2, indicating that this is deoxycholic amide. Two additional peaks are the +H and -1H2O adducts",Steroids_and_steroid_derivatives,Taurinated_bile_acids_and_derivatives,31,"Bile_acids,_alcohols_and_derivatives",Lipids_and_lipid-like_molecules,NA,10412_356.293_5.953,0.529812943,3,1,s.Simplegut,0.997986311,1,0.00298,s.Carnivores,0.71686445,2,0.25201,s.Carnivora,0.784054869,244,1,"s.Hyena,s.Tiger",10412,356.293,5.953
12413_376.291_5.832,Connected,N/A,N/A,5.8316,5.8316,0,N/A,0.006848127,24,51,24,376.2912,1,376.2912,0.006848127,12413,376.291,5.832,0.006848127,Bile acids,Isolithocholic acid 1,"Isolithocholic acid is third node in cluster, high confidence in silico NAP ID.",no_matches,no_matches,3,no_matches,no_matches,NA,12413_376.291_5.832,0.6172134,5,1,"s.Foregut,s.Simplegut",0.988835278,1,0.00298,s.Carnivores,0.747451639,10,0.23287,"s.Carnivora,s.Cetartiodactyla",0.73174756,263,1,"s.Jungle_cat,s.Tiger",12413,376.291,5.832
19516_358.281_6.177,Connected,N/A,N/A,6.1765,6.1765,0,N/A,0.003572584,17,51,17,358.2807,1,358.2807,0.003572584,19516,358.281,6.177,0.003572584,Bile acids,Isolithocholic acid 2," [-H2O+H]. Isolithocholic acid is third node in cluster, high confidence in silico ID.",no_matches,no_matches,3,no_matches,no_matches,NA,19516_358.281_6.177,0.546118681,3,1,s.Simplegut,0.996523384,1,0.00298,s.Carnivores,0.715235408,2,0.2552,s.Carnivora,0.727764196,278,1,"s.Leopard,s.Tiger",19516,358.281,6.177
3674_359.293_7.664,Connected,lithocholic_acid,0.935749,7.6641,7.6641,0,CCMSLIB00005435551,0.062235839,57,5765,57,359.2929,1,359.2929,0.062235839,3674,359.293,7.664,0.062235839,Bile acids,Lithocholic acid 1,NA,NA,NA,NA,NA,NA,NA,3674_359.293_7.664,0.920231857,5,0.00294,"s.Foregut,s.Simplegut",0.922088761,1,0.00298,s.Carnivores,0.922119117,23,0.00319,"s.Carnivora,s.Cetartiodactyla,s.Primates",0.594959166,118,1,"s.Cape_Hunting_dog,s.Hyena",3674,359.293,7.664
12788_464.281_4.693,Connected,taurohyodeoxycholic_acid,0.797751,4.6931,4.6931,0,CCMSLIB00005435583,0.007610319,20,762,20,464.2812,1,464.2812,0.007610319,12788,464.281,4.693,0.007610319,Bile acids,Taurohyodeoxycholic acid 3,NA,NA,NA,NA,NA,NA,NA,12788_464.281_4.693,0.592348878,3,1,s.Simplegut,0.950361759,1,0.00298,s.Carnivores,0.835319268,2,0.08294,s.Carnivora,0.886444652,236,1,"s.Hyena,s.Jungle_cat",12788,464.281,4.693
1285_415.319_6.79,Connected,N/A,N/A,6.7901,6.7901,0,N/A,0.01105483,42,137,42,415.3188,1,415.3188,0.01105483,1285,415.319,6.79,0.01105483,Bile acids,THCA (C27) 1,"THCA 3a,7a,12a-trihydroxy-5ï¬‚-cholestanoic acid (precursor to cholic acid in biosynthetic pathway)",Steroids_and_steroid_derivatives,"Trihydroxy_bile_acids,_alcohols_and_derivatives",88,"Bile_acids,_alcohols_and_derivatives",Lipids_and_lipid-like_molecules,NA,1285_415.319_6.79,0.785012188,1,1,s.Foregut,0.957269026,1,0.00298,s.Carnivores,0.871271407,10,0.04147,"s.Carnivora,s.Cetartiodactyla",0.75084347,278,1,"s.Leopard,s.Tiger",1285,415.319,6.79
17867_595.346_5.817,Connected,N/A,N/A,5.8169,5.8169,0,N/A,0.00910256,9,240,9,595.346,1,595.346,0.00910256,17867,595.346,5.817,0.00910256,Bile pigments,Bilirubin 1 (m/z 595.35),Based on GNPS ID in cluster,Tetrapyrroles_and_derivatives,Bilirubins,66,Bilirubins,Organoheterocyclic_compounds,NA,17867_595.346_5.817,0.343325872,3,1,s.Simplegut,0.645547956,1,0.02086,s.Carnivores,0.481356219,2,1,s.Carnivora,0.674488059,263,1,"s.Jungle_cat,s.Tiger",17867,595.346,5.817
7156_303.169_5.826,Connected,N/A,N/A,5.8265,5.8265,0,N/A,0.003413834,16,240,16,303.1688,1,303.1688,0.003413834,7156,303.169,5.826,0.003413834,Bile pigments,Bilirubin 2 (m/z 303.169),Based on GNPS ID in cluster,Tetrapyrroles_and_derivatives,Bilirubins,66,Bilirubins,Organoheterocyclic_compounds,NA,7156_303.169_5.826,0.510189015,3,1,s.Simplegut,0.911807744,1,0.00298,s.Carnivores,0.742906859,2,0.37323,s.Carnivora,0.904050214,278,1,"s.Leopard,s.Tiger",7156,303.169,5.826
14912_591.315_4.071,Connected,Spectral_Match_to_Urobilin_from_NIST14,0.877932,4.0707,4.0707,0,CCMSLIB00003137178,0.019379975,24,133,24,591.3148,1,591.3148,0.019379975,14912,591.315,4.071,0.019379975,Bile pigments,Urobilin 1 (m/z 591.315),NA,NA,NA,NA,NA,NA,NA,14912_591.315_4.071,0.616852462,3,1,s.Simplegut,0.664554829,5,0.298,"s.Carnivores,s.Omnivores",0.83785666,2,0.02552,s.Carnivora,0.614604301,235,1,"s.Hyena,s.Israeli_Wolf",14912,591.315,4.071
275_595.346_4.13,Connected,Stercobilin,0.892946,4.1295,4.1295,0,CCMSLIB00001059689,0.913621869,83,240,83,595.346,1,595.346,0.913621869,275,595.346,4.13,0.913621869,Bile pigments,Stercobilin,NA,NA,NA,NA,NA,NA,NA,275_595.346_4.13,0.889988319,7,NA,"s.Foregut,s.Hindgut,s.Simplegut",0.889988319,7,NA,"s.Carnivores,s.Herbivores,s.Omnivores",0.89833121,25,0.00638,"s.Cetartiodactyla,s.Perissodactyla,s.Primates",0.582015602,118,0.03509,"s.Cape_Hunting_dog,s.Hyena",275,595.346,4.13
5818_591.315_4.136,Connected,Spectral_Match_to_Urobilin_from_NIST14,0.863724,4.136,4.136,0,CCMSLIB00003137178,0.347989506,36,133,36,591.3148,1,591.3148,0.347989506,5818,591.315,4.136,0.347989506,Bile pigments,Urobilin 2 (m/z 591.315),NA,NA,NA,NA,NA,NA,NA,5818_591.315_4.136,0.76471221,3,0.82614,s.Simplegut,0.894326164,1,0.00298,s.Carnivores,0.989682273,2,0.00319,s.Carnivora,0.650879817,278,1,"s.Leopard,s.Tiger",5818,591.315,4.136
6353_249.123_2.703,Connected,N/A,N/A,2.7027,2.7027,0,N/A,0.007105064,17,5433,17,249.1227,1,249.1227,0.007105064,6353,249.123,2.703,0.007105064,Hormones,Cyclic 3-Hydroxymelatonin,"Cyclic 3-hydroxymelatonin, predicted from NAP",no_matches,no_matches,2,no_matches,no_matches,NA,6353_249.123_2.703,0.528810586,3,1,s.Simplegut,0.819958881,1,0.00298,s.Carnivores,0.687451066,2,0.64757,s.Carnivora,0.847219382,254,1,"s.Israeli_Wolf,s.Tiger",6353,249.123,2.703
13019_190.071_1.503,Connected,Spectral_Match_to_N-Acetyl-L-glutamic_acid_from_NIST14,0.907098,1.5027,1.5027,0,CCMSLIB00003138157,0.0184381,53,6315,53,190.0705,1,190.0705,0.0184381,13019,190.071,1.503,0.0184381,N-acyl AA,Acetyl-Glu 1 (m/z 190.071),NA,NA,NA,NA,NA,NA,NA,13019_190.071_1.503,0.955133866,3,0.00294,s.Simplegut,0.882955682,5,0.00298,"s.Carnivores,s.Omnivores",0.955133866,12,0.00319,"s.Carnivora,s.Primates",0.570004897,229,1,"s.Gorilla,s.Mandrill",13019,190.071,1.503
17894_190.07_1.387,Connected,Spectral_Match_to_N-Acetyl-L-glutamic_acid_from_NIST14,0.974773,1.3867,1.3867,0,CCMSLIB00003138157,0.020580799,46,6315,46,190.0705,1,190.0705,0.020580799,17894,190.07,1.387,0.020580799,N-acyl AA,Acetyl-Glu 2 (190.071),NA,NA,NA,NA,NA,NA,NA,17894_190.07_1.387,0.898341552,3,0.00294,s.Simplegut,0.829590814,5,0.00298,"s.Carnivores,s.Omnivores",0.898341552,12,0.00319,"s.Carnivora,s.Primates",0.587619311,229,1,"s.Gorilla,s.Mandrill",17894,190.07,1.387
7148_236.127_4.392,Connected,N/A,N/A,4.3922,4.3922,0,N/A,0.005460053,18,179,18,236.1272,1,236.1272,0.005460053,7148,236.127,4.392,0.005460053,N-acyl AA,Butyryl-Phe,Butyryl-Phe. See Fig. S6.,no_matches,no_matches,87,no_matches,no_matches,NA,7148_236.127_4.392,0.544057475,3,1,s.Simplegut,0.915542415,1,0.00298,s.Carnivores,0.741495044,2,0.25839,s.Carnivora,0.808972313,278,1,"s.Leopard,s.Tiger",7148,236.127,4.392
7316_188.128_3.7,Connected,N/A,N/A,3.7005,3.7005,0,N/A,0.005314251,18,179,18,188.1275,1,188.1275,0.005314251,7316,188.128,3.7,0.005314251,N-acyl AA,Butyryl-Val,Butyryl-Val. See Fig. S6.,no_matches,no_matches,87,no_matches,no_matches,NA,7316_188.128_3.7,0.561951487,3,1,s.Simplegut,0.939185029,1,0.00298,s.Carnivores,0.743343998,2,0.11484,s.Carnivora,0.739678429,248,1,"s.Israeli_Wolf,s.Leopard",7316,188.128,3.7
8160_447.272_4.298,Connected,N/A,N/A,4.2981,4.2981,0,N/A,0.022818765,24,568,24,447.272,1,447.272,0.022818765,8160,447.272,4.298,0.022818765,Peptides,Cyc. Peptide 1 (m/z 447.272),Cyclic peptides based on NAP/MolNetEnhancer,no_matches,no_matches,34,no_matches,no_matches,NA,8160_447.272_4.298,0.648885685,3,1,s.Simplegut,0.507568325,6,1,"s.Herbivores,s.Omnivores",0.852525325,5,0.01914,s.Primates,0.941972447,152,0.00319,"s.Chimp,s.Gorilla",8160,447.272,4.298
10292_463.267_4.365,Connected,N/A,N/A,4.365,4.365,0,N/A,0.018000254,27,568,27,463.2669,1,463.2669,0.018000254,10292,463.267,4.365,0.018000254,Peptides,Cyc. Peptide 2 (m/z 463.267),Cyclic peptides based on NAP/MolNetEnhancer,no_matches,no_matches,34,no_matches,no_matches,NA,10292_463.267_4.365,0.688247202,3,1,s.Simplegut,0.540499365,6,1,"s.Herbivores,s.Omnivores",0.845326619,5,0.02233,s.Primates,0.90660333,152,0.24244,"s.Chimp,s.Gorilla",10292,463.267,4.365
10310_481.277_4.297,Connected,N/A,N/A,4.2972,4.2972,0,N/A,0.02805664,24,568,24,481.2775,1,481.2775,0.02805664,10310,481.277,4.297,0.02805664,Peptides,Cyc. Peptide 3 (m/z 481.277),Cyclic peptides based on NAP/MolNetEnhancer,no_matches,no_matches,34,no_matches,no_matches,NA,10310_481.277_4.297,0.648885685,3,1,s.Simplegut,0.522232968,6,1,"s.Herbivores,s.Omnivores",0.874412308,5,0.01276,s.Primates,0.854654096,229,1,"s.Gorilla,s.Mandrill",10310,481.277,4.297
3685_481.278_4.371,Connected,N/A,N/A,4.3713,4.3713,0,N/A,0.153054392,26,568,26,481.2775,1,481.2775,0.153054392,3685,481.278,4.371,0.153054392,Peptides,Cyc. Peptide 4 (m/z 481.278),Cyclic peptides based on NAP/MolNetEnhancer,no_matches,no_matches,34,no_matches,no_matches,NA,3685_481.278_4.371,0.675381634,3,1,s.Simplegut,0.532144361,6,1,"s.Herbivores,s.Omnivores",0.912386625,5,0.00319,s.Primates,0.92537901,152,0.00319,"s.Chimp,s.Gorilla",3685,481.278,4.371
10281_498.304_4.368,Connected,N/A,N/A,4.3683,4.3683,0,N/A,0.023210257,23,568,23,498.3042,1,498.3042,0.023210257,10281,498.304,4.368,0.023210257,Peptides,Cyc. Peptide 5 (m/z 498.304),Cyclic peptides based on NAP/MolNetEnhancer,no_matches,no_matches,34,no_matches,no_matches,NA,10281_498.304_4.368,0.635223403,3,1,s.Simplegut,0.511237358,6,1,"s.Herbivores,s.Omnivores",0.875595036,5,0.00957,s.Primates,0.932723198,152,0.00319,"s.Chimp,s.Gorilla",10281,498.304,4.368
3009_311.293_7.649,Connected,Spectral_Match_to_14(Z)-Eicosenoic_acid_from_NIST14,0.760066,7.6488,7.6488,0,CCMSLIB00003134660,0.025068499,24,5903,24,311.293,1,311.293,0.025068499,3009,311.293,7.649,0.025068499,Unsat. LCFA,Eicosenoic acid,14(Z)-Eicosenoic acid.,Prenol_lipids,Diterpenoids,5,Diterpenoids,Lipids_and_lipid-like_molecules,Spectral_Match_to_14(Z)-Eicosenoic_acid_from_NIST14,3009_311.293_7.649,0.648885685,3,1,s.Simplegut,0.659821858,3,0.23542,s.Omnivores,0.894427191,5,0.00638,s.Primates,0.811288833,159,1,"s.Chimp,s.Mandrill",3009,311.293,7.649
327_231.158_5.111,Connected,Spectral_Match_to_Dodecanedioic_acid_from_NIST14,0.952515,5.111,5.111,0,CCMSLIB00003138017,0.050646516,80,1566,80,231.1582,1,231.1582,0.050646516,327,231.158,5.111,0.050646516,Unsat. LCFA,Dodecanedioic acid,Dodecanedioic acid,NA,NA,NA,NA,NA,NA,327_231.158_5.111,0.948759304,4,0.00294,"s.Foregut,s.Hindgut",0.893007281,4,0.00596,"s.Carnivores,s.Herbivores",0.920944718,19,0.00319,"s.Afrotheria,s.Cetartiodactyla,s.Perissodactyla",0.582111027,193,0.00319,"s.Donkey,s.Sheep",327,231.158,5.111
6000_375.212_4.647,Connected,"(2E,6E,10Z)-12-hydroxy-10-(hydroxymethyl)-6-methyl-2-(4-methylpent-3-enyl)dodeca-2,6,10-trienoic_acid",0.706587,4.6474,4.6474,0,CCMSLIB00004709991,0.011703391,23,830,23,375.2125,1,375.2125,0.011703391,6000,375.212,4.647,0.011703391,Unsat. LCFA,Dodecatrienoic acid,Dodecatrienoic acid,NA,NA,NA,NA,NA,NA,6000_375.212_4.647,0.606976979,3,1,s.Simplegut,0.693736857,3,0.03874,s.Omnivores,0.710330417,2,0.35409,s.Carnivora,0.878936042,70,0.1914,"s.Black_bear,s.Brown_bear",6000,375.212,4.647
7093_416.314_6.076,Connected,N/A,N/A,6.0759,6.0759,0,N/A,0.004367294,19,2401,19,416.3136,1,416.3136,0.004367294,7093,416.314,6.076,0.004367294,Unsat. LCFA,Unsat. LCFA 1 (m/z 416.314),"Myxalamide A. NAP, high confidence",no_matches,no_matches,2,no_matches,no_matches,NA,7093_416.314_6.076,0.577350269,3,1,s.Simplegut,0.9911703,1,0.00298,s.Carnivores,0.733039534,2,0.23287,s.Carnivora,0.782592445,254,1,"s.Israeli_Wolf,s.Tiger",7093,416.314,6.076
13866_184.133_2.524,Connected,N/A,N/A,2.5243,2.5243,0,N/A,0.010642931,7,43,7,184.1328,1,184.1328,0.010642931,13866,184.133,2.524,0.010642931,Flavonoids,Flavonoid 1 (m/z 184.139),Flavonol. In silico/MolNetEnhancer.,Flavonoids,Flavonols,66,Flavones,Phenylpropanoids_and_polyketides,NA,13866_184.133_2.524,0.350438322,3,1,s.Simplegut,0.733799386,1,0.00298,s.Carnivores,0.509175077,2,1,s.Carnivora,0.897622842,244,1,"s.Hyena,s.Tiger",13866,184.133,2.524
289_349.127_2.727,Connected,N/A,N/A,2.7266,2.7266,0,N/A,0.180041045,39,2367,39,349.127,1,349.127,0.180041045,289,349.127,2.727,0.180041045,Flavonoids,Flavonoid 2 (m/z 349.127),In silico NAP ID. ,no_matches,no_matches,8,no_matches,no_matches,NA,289_349.127_2.727,0.904534034,4,0.00294,"s.Foregut,s.Hindgut",0.848528137,2,0.00298,s.Herbivores,1,13,0.00319,"s.Cetartiodactyla,s.Perissodactyla",0.818949198,220,0.00319,"s.Goat,s.Sheep",289,349.127,2.727
439_313.106_4.908,Connected,N/A,N/A,4.9076,4.9076,0,N/A,0.015063905,42,926,42,313.1057,1,313.1057,0.015063905,439,313.106,4.908,0.015063905,Flavonoids,Flavonoid 3 (m/z 313.106),O-methylated flavonoid based on NAP.,Flavonoids,8-O-methylated_flavonoids,10,O-methylated_flavonoids,Phenylpropanoids_and_polyketides,NA,439_313.106_4.908,0.94151577,1,0.00294,s.Foregut,0.883176087,2,0.00298,s.Herbivores,0.973993716,13,0.00319,"s.Cetartiodactyla,s.Perissodactyla",0.917172985,220,0.00319,"s.Goat,s.Sheep",439,313.106,4.908
304_447.309_7.242,Connected,N/A,N/A,7.2424,7.2424,0,N/A,0.034250686,42,82,42,447.3089,1,447.3089,0.034250686,304,447.309,7.242,0.034250686,Triterpenoids,Oat straw 1 (m/z 447.309),,no_matches,no_matches,87,no_matches,no_matches,NA,304_447.309_7.242,0.903477191,4,0.00882,"s.Foregut,s.Hindgut",0.841526388,2,0.00298,s.Herbivores,0.997890229,13,0.00319,"s.Cetartiodactyla,s.Perissodactyla",0.790146261,218,0.0319,"s.Goat,s.Rhino",304,447.309,7.242
277_433.329_7.715,Connected,N/A,N/A,7.7149,7.7149,0,N/A,0.695360011,53,82,53,433.3294,1,433.3294,0.695360011,277,433.329,7.715,0.695360011,Triterpenoids,Oat straw 2 (m/z 433.329),,no_matches,no_matches,87,no_matches,no_matches,NA,277_433.329_7.715,0.916224327,4,0.00294,"s.Foregut,s.Hindgut",0.886360488,2,0.00298,s.Herbivores,0.998197191,13,0.00319,"s.Cetartiodactyla,s.Perissodactyla",0.835678584,220,0.00319,"s.Goat,s.Sheep",277,433.329,7.715
341_447.309_7.748,Connected,N/A,N/A,7.7477,7.7477,0,N/A,0.033590403,39,82,39,447.309,1,447.309,0.033590403,341,447.309,7.748,0.033590403,Triterpenoids,Oat straw 3 (m/z 447.3294),,no_matches,no_matches,87,no_matches,no_matches,NA,341_447.309_7.748,0.909188571,1,0.00588,s.Foregut,0.797287773,2,0.00298,s.Herbivores,0.980809713,13,0.00319,"s.Cetartiodactyla,s.Perissodactyla",0.822294152,220,0.00638,"s.Goat,s.Sheep",341,447.309,7.748
314_433.329_7.849,Connected,N/A,N/A,7.8485,7.8485,0,N/A,0.111218696,45,82,45,433.3294,1,433.3294,0.111218696,314,433.329,7.849,0.111218696,Triterpenoids,Oat straw 4 (m/z 433.3294),,no_matches,no_matches,87,no_matches,no_matches,NA,314_433.329_7.849,0.965541203,1,0.00294,s.Foregut,0.892608388,2,0.00298,s.Herbivores,0.998989993,13,0.00319,"s.Cetartiodactyla,s.Perissodactyla",0.937440837,220,0.00319,"s.Goat,s.Sheep",314,433.329,7.849
379_431.314_7.856,Connected,N/A,N/A,7.8563,7.8563,0,N/A,0.044123919,46,82,46,431.3138,1,431.3138,0.044123919,379,431.314,7.856,0.044123919,Triterpenoids,Oat straw 5 (m/z 431.314),,no_matches,no_matches,87,no_matches,no_matches,NA,379_431.314_7.856,0.931638427,1,0.00294,s.Foregut,0.838855811,2,0.00298,s.Herbivores,0.993727537,13,0.00319,"s.Cetartiodactyla,s.Perissodactyla",0.822764015,220,1,"s.Goat,s.Sheep",379,431.314,7.856
288_433.329_7.978,Connected,N/A,N/A,7.978,7.978,0,N/A,0.312173897,43,82,43,433.3294,1,433.3294,0.312173897,288,433.329,7.978,0.312173897,Triterpenoids,Oat straw 6 (m/z 433.329),,no_matches,no_matches,87,no_matches,no_matches,NA,288_433.329_7.978,0.92526659,1,0.00294,s.Foregut,0.86994551,2,0.00298,s.Herbivores,0.999467454,13,0.00319,"s.Cetartiodactyla,s.Perissodactyla",0.859823602,220,0.00319,"s.Goat,s.Sheep",288,433.329,7.978
372_415.319_8.194,Connected,N/A,N/A,8.1944,8.1944,0,N/A,0.05326275,43,82,43,415.3188,1,415.3188,0.05326275,372,415.319,8.194,0.05326275,Triterpenoids,Oat straw 7  (m/z 415.319),,no_matches,no_matches,87,no_matches,no_matches,NA,372_415.319_8.194,0.954822546,1,0.00294,s.Foregut,0.841996515,2,0.00298,s.Herbivores,0.998312648,13,0.00319,"s.Cetartiodactyla,s.Perissodactyla",0.929639917,220,0.00319,"s.Goat,s.Sheep",372,415.319,8.194
1935_433.329_8.196,Connected,N/A,N/A,8.196,8.196,0,N/A,0.849561093,54,82,54,433.3294,1,433.3294,0.849561093,1935,433.329,8.196,0.849561093,Triterpenoids,Oat straw 8  (m/z 433.329),,no_matches,no_matches,87,no_matches,no_matches,NA,1935_433.329_8.196,0.928691034,4,0.00294,"s.Foregut,s.Hindgut",0.92406916,2,0.00298,s.Herbivores,0.998339397,13,0.00319,"s.Cetartiodactyla,s.Perissodactyla",0.841289615,220,0.00319,"s.Goat,s.Sheep",1935,433.329,8.196
347_431.314_8.3,Connected,N/A,N/A,8.3004,8.3004,0,N/A,0.094257966,40,82,40,431.3138,1,431.3138,0.094257966,347,431.314,8.3,0.094257966,Triterpenoids,Oat straw 9  (m/z 431.314),,no_matches,no_matches,87,no_matches,no_matches,NA,347_431.314_8.3,0.966802724,1,0.00294,s.Foregut,0.860232527,2,0.00298,s.Herbivores,0.999780446,13,0.00319,"s.Cetartiodactyla,s.Perissodactyla",0.928195205,220,0.00319,"s.Goat,s.Sheep",347,431.314,8.3
13411_433.329_8.407,Connected,N/A,N/A,8.407,8.407,0,N/A,0.014953868,27,82,27,433.3294,1,433.3294,0.014953868,13411,433.329,8.407,0.014953868,Triterpenoids,Oat straw 10  (m/z 433.329),,no_matches,no_matches,87,no_matches,no_matches,NA,13411_433.329_8.407,0.987929213,1,0.00294,s.Foregut,0.734846923,2,0.04768,s.Herbivores,0.984783473,3,0.00319,s.Cetartiodactyla,0.981875861,220,0.00319,"s.Goat,s.Sheep",13411,433.329,8.407
2084_465.319_4.166,Connected,N/A,N/A,4.1659,4.1659,0,N/A,0.029551044,31,82,31,465.319,1,465.319,0.029551044,2084,465.319,4.166,0.029551044,Triterpenoids,Pellets 1  (m/z 465.319),,no_matches,no_matches,87,no_matches,no_matches,NA,2084_465.319_4.166,0.79352287,4,0.18228,"s.Foregut,s.Hindgut",0.721445859,2,0.02086,s.Herbivores,0.873831083,13,0.00319,"s.Cetartiodactyla,s.Perissodactyla",0.853308889,195,0.00319,"s.Donkey,s.Zebra",2084,465.319,4.166
2125_465.319_4.344,Connected,N/A,N/A,4.3438,4.3438,0,N/A,0.03117767,38,82,38,465.3191,1,465.3191,0.03117767,2125,465.319,4.344,0.03117767,Triterpenoids,Pellets 2  (m/z 465.319),,no_matches,no_matches,87,no_matches,no_matches,NA,2125_465.319_4.344,0.889902151,4,0.00588,"s.Foregut,s.Hindgut",0.822050639,2,0.00298,s.Herbivores,0.982096591,13,0.00319,"s.Cetartiodactyla,s.Perissodactyla",0.815487564,195,0.00319,"s.Donkey,s.Zebra",2125,465.319,4.344
349_465.319_4.619,Connected,N/A,N/A,4.6193,4.6193,0,N/A,0.042478152,43,82,43,465.319,1,465.319,0.042478152,349,465.319,4.619,0.042478152,Triterpenoids,Pellets 3  (m/z 465.319),,no_matches,no_matches,87,no_matches,no_matches,NA,349_465.319_4.619,0.897529143,4,0.00294,"s.Foregut,s.Hindgut",0.837827312,2,0.00298,s.Herbivores,0.987334944,13,0.00319,"s.Cetartiodactyla,s.Perissodactyla",0.764416324,195,0.00319,"s.Donkey,s.Zebra",349,465.319,4.619
2611_465.319_4.913,Connected,N/A,N/A,4.9125,4.9125,0,N/A,0.0210706,44,82,44,465.319,1,465.319,0.0210706,2611,465.319,4.913,0.0210706,Triterpenoids,Pellets 4  (m/z 465.319),,no_matches,no_matches,87,no_matches,no_matches,NA,2611_465.319_4.913,0.898796346,4,0.00294,"s.Foregut,s.Hindgut",0.823556844,2,0.00298,s.Herbivores,0.988535097,13,0.00319,"s.Cetartiodactyla,s.Perissodactyla",0.728272097,220,0.00319,"s.Goat,s.Sheep",2611,465.319,4.913
701_449.324_5.178,Connected,N/A,N/A,5.1785,5.1785,0,N/A,0.018142953,45,82,45,449.3243,1,449.3243,0.018142953,701,449.324,5.178,0.018142953,Triterpenoids,Pellets 5  (m/z 449.324),,no_matches,no_matches,87,no_matches,no_matches,NA,701_449.324_5.178,0.966010715,1,0.00294,s.Foregut,0.779171768,4,0.05662,"s.Carnivores,s.Herbivores",0.954838454,3,0.00319,s.Cetartiodactyla,0.904672545,220,0.00319,"s.Goat,s.Sheep",701,449.324,5.178
1182_449.324_5.301,Connected,N/A,N/A,5.3008,5.3008,0,N/A,0.009422973,34,82,34,449.3243,1,449.3243,0.009422973,1182,449.324,5.301,0.009422973,Triterpenoids,Pellets 6  (m/z 449.324),,no_matches,no_matches,87,no_matches,no_matches,NA,1182_449.324_5.301,0.977191066,1,0.00294,s.Foregut,0.659749626,2,0.80162,s.Herbivores,0.968866206,3,0.00319,s.Cetartiodactyla,0.911272811,220,0.00319,"s.Goat,s.Sheep",1182,449.324,5.301
696_449.324_5.419,Connected,N/A,N/A,5.4189,5.4189,0,N/A,0.023487968,45,82,45,449.3244,1,449.3244,0.023487968,696,449.324,5.419,0.023487968,Triterpenoids,Pellets 7  (m/z 449.324),,no_matches,no_matches,87,no_matches,no_matches,NA,696_449.324_5.419,0.959421274,1,0.00294,s.Foregut,0.806619692,2,0.0149,s.Herbivores,0.995002225,13,0.00319,"s.Cetartiodactyla,s.Perissodactyla",0.923692688,220,0.00319,"s.Goat,s.Sheep",696,449.324,5.419
448_463.303_5.746,Connected,N/A,N/A,5.7461,5.7461,0,N/A,0.019718255,40,82,40,463.3034,1,463.3034,0.019718255,448,463.303,5.746,0.019718255,Triterpenoids,Pellets 8  (m/z 463.303),,no_matches,no_matches,87,no_matches,no_matches,NA,448_463.303_5.746,0.903602537,4,0.00294,"s.Foregut,s.Hindgut",0.8329348,2,0.00298,s.Herbivores,0.997932158,13,0.00319,"s.Cetartiodactyla,s.Perissodactyla",0.803738718,220,0.00319,"s.Goat,s.Sheep",448,463.303,5.746
832_449.324_5.964,Connected,N/A,N/A,5.9638,5.9638,0,N/A,0.028484721,52,82,52,449.3243,1,449.3243,0.028484721,832,449.324,5.964,0.028484721,Triterpenoids,Pellets 9  (m/z 449.324),,no_matches,no_matches,87,no_matches,no_matches,NA,832_449.324_5.964,0.968158241,1,0.00294,s.Foregut,0.844620268,4,0.0149,"s.Carnivores,s.Herbivores",0.99282575,13,0.00319,"s.Cetartiodactyla,s.Perissodactyla",0.920020823,220,0.00319,"s.Goat,s.Sheep",832,449.324,5.964
1009_447.309_6.38,Connected,N/A,N/A,6.3804,6.3804,0,N/A,0.017004729,43,82,43,447.309,1,447.309,0.017004729,1009,447.309,6.38,0.017004729,Triterpenoids,Pellets 10  (m/z 447.309),,no_matches,no_matches,87,no_matches,no_matches,NA,1009_447.309_6.38,0.96400161,1,0.00294,s.Foregut,0.809551561,2,0.01192,s.Herbivores,0.983142714,13,0.00319,"s.Cetartiodactyla,s.Perissodactyla",0.926993817,220,0.00319,"s.Goat,s.Sheep",1009,447.309,6.38
8484_447.309_6.53,Connected,N/A,N/A,6.53,6.53,0,N/A,0.025648793,46,82,46,447.309,1,447.309,0.025648793,8484,447.309,6.53,0.025648793,Triterpenoids,Pellets 11 (m/z 447.309),,no_matches,no_matches,87,no_matches,no_matches,NA,8484_447.309_6.53,0.958330293,1,0.00294,s.Foregut,0.822699921,2,0.00596,s.Herbivores,0.995059156,13,0.00319,"s.Cetartiodactyla,s.Perissodactyla",0.892874682,220,0.00319,"s.Goat,s.Sheep",8484,447.309,6.53
485_449.324_6.966,Connected,N/A,N/A,6.9661,6.9661,0,N/A,0.022332218,48,82,48,449.3244,1,449.3244,0.022332218,485,449.324,6.966,0.022332218,Triterpenoids,Pellets 12 (m/z 449.324),,no_matches,no_matches,87,no_matches,no_matches,NA,485_449.324_6.966,0.920738006,1,0.00294,s.Foregut,0.793784343,4,0.01192,"s.Carnivores,s.Herbivores",0.982805433,13,0.00319,"s.Cetartiodactyla,s.Perissodactyla",0.841231966,220,0.00319,"s.Goat,s.Sheep",485,449.324,6.966
12702_433.329_7.606,Connected,N/A,N/A,7.6063,7.6063,0,N/A,0.020097726,47,82,47,433.3294,1,433.3294,0.020097726,12702,433.329,7.606,0.020097726,Triterpenoids,Pellets 13  (m/z 433.329),,no_matches,no_matches,87,no_matches,no_matches,NA,12702_433.329_7.606,0.960313444,1,0.00294,s.Foregut,0.789053451,2,0.03278,s.Herbivores,0.977891953,13,0.00319,"s.Cetartiodactyla,s.Perissodactyla",0.898056838,220,0.00319,"s.Goat,s.Sheep",12702,433.329,7.606
1982_479.298_5.102,Connected,N/A,N/A,5.1022,5.1022,0,N/A,0.034216873,35,82,35,479.2981,1,479.2981,0.034216873,1982,479.298,5.102,0.034216873,Triterpenoids,Unclassified 1 (m/z 479.298),,no_matches,no_matches,87,no_matches,no_matches,NA,1982_479.298_5.102,0.891882585,4,0.00294,"s.Foregut,s.Hindgut",0.836660027,2,0.00298,s.Herbivores,0.986013297,13,0.00319,"s.Cetartiodactyla,s.Perissodactyla",0.793405148,222,0.00319,"s.Goat,s.Zebra",1982,479.298,5.102
902_477.282_5.479,Connected,N/A,N/A,5.4792,5.4792,0,N/A,0.027120744,36,82,36,477.2822,1,477.2822,0.027120744,902,477.282,5.479,0.027120744,Triterpenoids,Unclassified 2 (m/z 477.282),,no_matches,no_matches,87,no_matches,no_matches,NA,902_477.282_5.479,0.904534034,4,0.00294,"s.Foregut,s.Hindgut",0.848528137,2,0.00298,s.Herbivores,1,13,0.00319,"s.Cetartiodactyla,s.Perissodactyla",0.826196833,195,0.00319,"s.Donkey,s.Zebra",902,477.282,5.479
1055_479.298_5.575,Connected,N/A,N/A,5.5746,5.5746,0,N/A,0.019110091,34,82,34,479.2982,1,479.2982,0.019110091,1055,479.298,5.575,0.019110091,Triterpenoids,Unclassified 3 (m/z 479.298),,no_matches,no_matches,87,no_matches,no_matches,NA,1055_479.298_5.575,0.879049073,4,0.00294,"s.Foregut,s.Hindgut",0.824621125,2,0.00298,s.Herbivores,0.971825316,13,0.00319,"s.Cetartiodactyla,s.Perissodactyla",0.793732759,182,0.00319,"s.Donkey,s.Goat",1055,479.298,5.575
775_479.298_5.654,Connected,N/A,N/A,5.6544,5.6544,0,N/A,0.018145112,36,82,36,479.2981,1,479.2981,0.018145112,775,479.298,5.654,0.018145112,Triterpenoids,Unclassified 4 (m/z 479.298),,no_matches,no_matches,87,no_matches,no_matches,NA,775_479.298_5.654,0.904534034,4,0.00294,"s.Foregut,s.Hindgut",0.848528137,2,0.00298,s.Herbivores,1,13,0.00319,"s.Cetartiodactyla,s.Perissodactyla",0.787525241,220,0.00319,"s.Goat,s.Sheep",775,479.298,5.654
307_479.298_5.802,Connected,N/A,N/A,5.8021,5.8021,0,N/A,0.0301824,36,82,36,479.2981,1,479.2981,0.0301824,307,479.298,5.802,0.0301824,Triterpenoids,Unclassified 5 (m/z 479.298),,no_matches,no_matches,87,no_matches,no_matches,NA,307_479.298_5.802,0.904534034,4,0.00294,"s.Foregut,s.Hindgut",0.848528137,2,0.00298,s.Herbivores,1,13,0.00319,"s.Cetartiodactyla,s.Perissodactyla",0.816085051,218,0.00319,"s.Goat,s.Rhino",307,479.298,5.802
632_465.319_4.427,Connected,N/A,N/A,4.4271,4.4271,0,N/A,0.03306836,43,82,43,465.319,1,465.319,0.03306836,632,465.319,4.427,0.03306836,Triterpenoids,Wheat straw 1 (m/z 465.319),,no_matches,no_matches,87,no_matches,no_matches,NA,632_465.319_4.427,0.899265739,4,0.00294,"s.Foregut,s.Hindgut",0.820907501,2,0.00298,s.Herbivores,0.990103122,13,0.00319,"s.Cetartiodactyla,s.Perissodactyla",0.838239607,195,0.00319,"s.Donkey,s.Zebra",632,465.319,4.427
716_465.319_4.772,Connected,N/A,N/A,4.7722,4.7722,0,N/A,0.055072993,44,82,44,465.319,1,465.319,0.055072993,716,465.319,4.772,0.055072993,Triterpenoids,Wheat straw 2 (m/z 465.319),,no_matches,no_matches,87,no_matches,no_matches,NA,716_465.319_4.772,0.901139775,4,0.01764,"s.Foregut,s.Hindgut",0.831666346,2,0.00596,s.Herbivores,0.993548543,13,0.00319,"s.Cetartiodactyla,s.Perissodactyla",0.869414557,195,0.00638,"s.Donkey,s.Zebra",716,465.319,4.772
19535_447.309_4.846,Connected,N/A,N/A,4.8462,4.8462,0,N/A,0.022832376,40,82,40,447.3088,1,447.3088,0.022832376,19535,447.309,4.846,0.022832376,Triterpenoids,Wheat straw 3 (m/z 447.309),,no_matches,no_matches,87,no_matches,no_matches,NA,19535_447.309_4.846,0.888354894,4,0.00294,"s.Foregut,s.Hindgut",0.806660027,2,0.00298,s.Herbivores,0.978799618,13,0.00319,"s.Cetartiodactyla,s.Perissodactyla",0.724176547,182,0.00319,"s.Donkey,s.Goat",19535,447.309,4.846
608_479.298_4.849,Connected,N/A,N/A,4.8493,4.8493,0,N/A,0.163541658,38,82,38,479.2981,1,479.2981,0.163541658,608,479.298,4.849,0.163541658,Triterpenoids,Wheat straw 4 (m/z 479.298),,no_matches,no_matches,87,no_matches,no_matches,NA,608_479.298_4.849,0.903482612,4,0.00588,"s.Foregut,s.Hindgut",0.84616403,2,0.00298,s.Herbivores,0.998176749,13,0.00319,"s.Cetartiodactyla,s.Perissodactyla",0.913365518,195,0.00319,"s.Donkey,s.Zebra",608,479.298,4.849
2573_461.287_4.877,Connected,N/A,N/A,4.8774,4.8774,0,N/A,0.028456486,36,82,36,461.2873,1,461.2873,0.028456486,2573,461.287,4.877,0.028456486,Triterpenoids,Wheat straw 5 (m/z 461.287),,no_matches,no_matches,87,no_matches,no_matches,NA,2573_461.287_4.877,0.864225133,4,0.02646,"s.Foregut,s.Hindgut",0.807786834,2,0.00298,s.Herbivores,0.953867204,13,0.00319,"s.Cetartiodactyla,s.Perissodactyla",0.854086013,195,0.00319,"s.Donkey,s.Zebra",2573,461.287,4.877
316_463.303_5.956,Connected,N/A,N/A,5.9563,5.9563,0,N/A,0.058014666,47,82,47,463.3033,1,463.3033,0.058014666,316,463.303,5.956,0.058014666,Triterpenoids,Wheat straw 6 (m/z 463.303),,no_matches,no_matches,87,no_matches,no_matches,NA,316_463.303_5.956,0.925795948,1,0.00294,s.Foregut,0.826331245,2,0.00596,s.Herbivores,0.996950966,13,0.00319,"s.Cetartiodactyla,s.Perissodactyla",0.839671759,220,0.00319,"s.Goat,s.Sheep",316,463.303,5.956
558_463.303_6.035,Connected,N/A,N/A,6.0349,6.0349,0,N/A,0.034450175,45,82,45,463.3033,1,463.3033,0.034450175,558,463.303,6.035,0.034450175,Triterpenoids,Wheat straw 7 (m/z 463.303),,no_matches,no_matches,87,no_matches,no_matches,NA,558_463.303_6.035,0.902235157,4,0.00294,"s.Foregut,s.Hindgut",0.823377992,2,0.00298,s.Herbivores,0.99515878,13,0.00319,"s.Cetartiodactyla,s.Perissodactyla",0.725989578,182,0.49126,"s.Donkey,s.Goat",558,463.303,6.035
352_463.303_6.12,Connected,N/A,N/A,6.1199,6.1199,0,N/A,0.045411979,40,82,40,463.3033,1,463.3033,0.045411979,352,463.303,6.12,0.045411979,Triterpenoids,Wheat straw 8 (m/z 463.303),,no_matches,no_matches,87,no_matches,no_matches,NA,352_463.303_6.12,0.904185418,4,0.00294,"s.Foregut,s.Hindgut",0.845052565,2,0.00298,s.Herbivores,0.999274517,13,0.00319,"s.Cetartiodactyla,s.Perissodactyla",0.764263852,182,0.00319,"s.Donkey,s.Goat",352,463.303,6.12
415_463.303_6.203,Connected,N/A,N/A,6.203,6.203,0,N/A,0.026650624,38,82,38,463.3033,1,463.3033,0.026650624,415,463.303,6.203,0.026650624,Triterpenoids,Wheat straw 9 (m/z 463.303),,no_matches,no_matches,87,no_matches,no_matches,NA,415_463.303_6.203,0.944228618,1,0.00294,s.Foregut,0.848528137,2,0.00298,s.Herbivores,1,13,0.00319,"s.Cetartiodactyla,s.Perissodactyla",0.918415084,220,0.00319,"s.Goat,s.Sheep",415,463.303,6.203